Trending_Date,Rank,Video_ID,Title,Views,Likes,Comments
2025-03-23,1,9iF0gsHsgPQ,Aas Paas Episode 21 - [Eng Sub] - Laiba Khan - Ali Ansari - 22nd March 2025 - HAR PAL GEO,4073128,123594,1858
2025-03-23,2,7XTCA8F5bdk,Our New Studio Tour- Crazy XYZ Studioüî• | ‡§ï‡§ø‡§§‡§®‡§æ ‡§¨‡§®‡§æ ‡§π‡§Æ‡§æ‡§∞‡§æ ‡§®‡§Ø‡§æ ‡§∏‡•ç‡§ü‡•Ç‡§°‡§ø‡§Ø‡•ã?,2003880,174585,7713
2025-03-23,3,Kg9FZJ9XxBQ,NZ Vs PAK 3rd T20I | Cricket Highlights | Pakistan Tour Of New Zealand | 21st March 2025,3731569,52767,3313
2025-03-23,4,yG2MoXdFB34,KANIMAA Lyrical Video - RETRO | Suriya | Karthik Subbaraj | Pooja Hegde | Santhosh Narayanan,10641798,245090,7798
2025-03-23,5,_EfZAOjo69U,Bade Bhaiya Humko FF Khelna Hai :  @arpitbaala ft. @TotalGaming093 | Free Fire MAX,5934937,280506,25587
2025-03-23,6,0OA5UnEGCn0,NZ vs PAK 3rd T20I - Cricket Highlights | Pakistan Tour Of New Zealand 2025 | Prime Video India,1330031,15929,1344
2025-03-23,7,40p8cYtjB4Y,ATHAGAARINTIKI FULL SONG | MADEEN SK | BULLETBANDI LAXMAN | KITTU PAWAN | DILIP SAI SHIRISHA LAXMAN,902805,55655,2800
2025-03-23,8,OU1iCjoe1cY,Aas Paas Episode 20 - [Eng Sub] - Laiba Khan - Ali Ansari - 21st March 2025 - HAR PAL GEO,8481756,199742,5060
2025-03-23,9,PGqltBCo6cU,L2E Empuraan Trailer (Malayalam) | Mohanlal | Prithviraj Sukumaran | Murali Gopy | March 27 Release,10367313,484472,36915
2025-03-23,10,vHPae4sZbu8,Veera Dheera Sooran -Trailer | Chiyaan Vikram | SJ Suryah | S.U.Arun Kumar | G.V.Prakash |Riya Shibu,6778019,124486,2516
2025-03-23,11,PoKMn7Q5ons,Exam Sothanaigal 4 | Micset,621990,44128,1002
2025-03-23,12,buhiqHwHHNc,I Left Baby on Grandparents Door & Hid in our Home üò±,3364608,98088,2914
2025-03-23,13,gIJqao730mY,Where is Mau ?,548987,31675,2564
2025-03-23,14,-Wn6ATx3r-4,L2E Empuraan Trailer Response Malayalam | Booking Crash,292021,16574,1347
2025-03-23,15,G1cMZ-1Uy8E,Can I make my Sister‚Äôs DREAM Birthday Cake?,500091,18327,2747
2025-03-23,1,9iF0gsHsgPQ,Aas Paas Episode 21 - [Eng Sub] - Laiba Khan - Ali Ansari - 22nd March 2025 - HAR PAL GEO,4079950,123661,1857
2025-03-23,2,7XTCA8F5bdk,Our New Studio Tour- Crazy XYZ Studioüî• | ‡§ï‡§ø‡§§‡§®‡§æ ‡§¨‡§®‡§æ ‡§π‡§Æ‡§æ‡§∞‡§æ ‡§®‡§Ø‡§æ ‡§∏‡•ç‡§ü‡•Ç‡§°‡§ø‡§Ø‡•ã?,2003880,174664,7716
2025-03-23,3,Kg9FZJ9XxBQ,NZ Vs PAK 3rd T20I | Cricket Highlights | Pakistan Tour Of New Zealand | 21st March 2025,3731570,52769,3313
2025-03-23,4,yG2MoXdFB34,KANIMAA Lyrical Video - RETRO | Suriya | Karthik Subbaraj | Pooja Hegde | Santhosh Narayanan,10665107,245110,7798
2025-03-23,5,_EfZAOjo69U,Bade Bhaiya Humko FF Khelna Hai :  @arpitbaala ft. @TotalGaming093 | Free Fire MAX,5934937,280646,25603
2025-03-23,6,0OA5UnEGCn0,NZ vs PAK 3rd T20I - Cricket Highlights | Pakistan Tour Of New Zealand 2025 | Prime Video India,1330032,15929,1344
2025-03-23,7,40p8cYtjB4Y,ATHAGAARINTIKI FULL SONG | MADEEN SK | BULLETBANDI LAXMAN | KITTU PAWAN | DILIP SAI SHIRISHA LAXMAN,902805,55668,2801
2025-03-23,8,OU1iCjoe1cY,Aas Paas Episode 20 - [Eng Sub] - Laiba Khan - Ali Ansari - 21st March 2025 - HAR PAL GEO,8481756,199753,5060
2025-03-23,9,PGqltBCo6cU,L2E Empuraan Trailer (Malayalam) | Mohanlal | Prithviraj Sukumaran | Murali Gopy | March 27 Release,10367313,484492,36917
2025-03-23,10,vHPae4sZbu8,Veera Dheera Sooran -Trailer | Chiyaan Vikram | SJ Suryah | S.U.Arun Kumar | G.V.Prakash |Riya Shibu,6778019,124492,2516
2025-03-23,11,PoKMn7Q5ons,Exam Sothanaigal 4 | Micset,621991,44134,1002
2025-03-23,12,buhiqHwHHNc,I Left Baby on Grandparents Door & Hid in our Home üò±,3365677,98093,2914
2025-03-23,13,gIJqao730mY,Where is Mau ?,548987,31682,2564
2025-03-23,14,-Wn6ATx3r-4,L2E Empuraan Trailer Response Malayalam | Booking Crash,292021,16579,1348
2025-03-23,15,G1cMZ-1Uy8E,Can I make my Sister‚Äôs DREAM Birthday Cake?,500091,18335,2747
2025-03-23,1,9iF0gsHsgPQ,Aas Paas Episode 21 - [Eng Sub] - Laiba Khan - Ali Ansari - 22nd March 2025 - HAR PAL GEO,4079950,123756,1860
2025-03-23,2,7XTCA8F5bdk,Our New Studio Tour- Crazy XYZ Studioüî• | ‡§ï‡§ø‡§§‡§®‡§æ ‡§¨‡§®‡§æ ‡§π‡§Æ‡§æ‡§∞‡§æ ‡§®‡§Ø‡§æ ‡§∏‡•ç‡§ü‡•Ç‡§°‡§ø‡§Ø‡•ã?,2010960,174757,7718
2025-03-23,3,Kg9FZJ9XxBQ,NZ Vs PAK 3rd T20I | Cricket Highlights | Pakistan Tour Of New Zealand | 21st March 2025,3731570,52769,3315
2025-03-23,4,yG2MoXdFB34,KANIMAA Lyrical Video - RETRO | Suriya | Karthik Subbaraj | Pooja Hegde | Santhosh Narayanan,10665107,245143,7799
2025-03-23,5,_EfZAOjo69U,Bade Bhaiya Humko FF Khelna Hai :  @arpitbaala ft. @TotalGaming093 | Free Fire MAX,5934937,280796,25611
2025-03-23,6,0OA5UnEGCn0,NZ vs PAK 3rd T20I - Cricket Highlights | Pakistan Tour Of New Zealand 2025 | Prime Video India,1330032,15928,1344
2025-03-23,7,40p8cYtjB4Y,ATHAGAARINTIKI FULL SONG | MADEEN SK | BULLETBANDI LAXMAN | KITTU PAWAN | DILIP SAI SHIRISHA LAXMAN,905831,55686,2801
2025-03-23,8,OU1iCjoe1cY,Aas Paas Episode 20 - [Eng Sub] - Laiba Khan - Ali Ansari - 21st March 2025 - HAR PAL GEO,8481756,199755,5061
2025-03-23,9,PGqltBCo6cU,L2E Empuraan Trailer (Malayalam) | Mohanlal | Prithviraj Sukumaran | Murali Gopy | March 27 Release,10370673,484506,36917
2025-03-23,10,vHPae4sZbu8,Veera Dheera Sooran -Trailer | Chiyaan Vikram | SJ Suryah | S.U.Arun Kumar | G.V.Prakash |Riya Shibu,6779271,124499,2517
2025-03-23,11,PoKMn7Q5ons,Exam Sothanaigal 4 | Micset,622729,44149,1002
2025-03-23,12,buhiqHwHHNc,I Left Baby on Grandparents Door & Hid in our Home üò±,3365677,98097,2914
2025-03-23,13,gIJqao730mY,Where is Mau ?,549443,31685,2564
2025-03-23,14,-Wn6ATx3r-4,L2E Empuraan Trailer Response Malayalam | Booking Crash,292021,16583,1348
2025-03-23,15,G1cMZ-1Uy8E,Can I make my Sister‚Äôs DREAM Birthday Cake?,500091,18349,2747
2025-03-23,1,9iF0gsHsgPQ,Aas Paas Episode 21 - [Eng Sub] - Laiba Khan - Ali Ansari - 22nd March 2025 - HAR PAL GEO,4109273,124053,1865
2025-03-23,2,7XTCA8F5bdk,Our New Studio Tour- Crazy XYZ Studioüî• | ‡§ï‡§ø‡§§‡§®‡§æ ‡§¨‡§®‡§æ ‡§π‡§Æ‡§æ‡§∞‡§æ ‡§®‡§Ø‡§æ ‡§∏‡•ç‡§ü‡•Ç‡§°‡§ø‡§Ø‡•ã?,2010960,175033,7729
2025-03-23,3,Kg9FZJ9XxBQ,NZ Vs PAK 3rd T20I | Cricket Highlights | Pakistan Tour Of New Zealand | 21st March 2025,3732637,52772,3316
2025-03-23,4,yG2MoXdFB34,KANIMAA Lyrical Video - RETRO | Suriya | Karthik Subbaraj | Pooja Hegde | Santhosh Narayanan,10665107,245212,7798
2025-03-23,5,_EfZAOjo69U,Bade Bhaiya Humko FF Khelna Hai :  @arpitbaala ft. @TotalGaming093 | Free Fire MAX,5971162,281156,25647
2025-03-23,6,0OA5UnEGCn0,NZ vs PAK 3rd T20I - Cricket Highlights | Pakistan Tour Of New Zealand 2025 | Prime Video India,1330598,15931,1344
2025-03-23,7,40p8cYtjB4Y,ATHAGAARINTIKI FULL SONG | MADEEN SK | BULLETBANDI LAXMAN | KITTU PAWAN | DILIP SAI SHIRISHA LAXMAN,905831,55714,2804
2025-03-23,8,OU1iCjoe1cY,Aas Paas Episode 20 - [Eng Sub] - Laiba Khan - Ali Ansari - 21st March 2025 - HAR PAL GEO,8485634,199779,5061
2025-03-23,9,PGqltBCo6cU,L2E Empuraan Trailer (Malayalam) | Mohanlal | Prithviraj Sukumaran | Murali Gopy | March 27 Release,10370673,484550,36919
2025-03-23,10,vHPae4sZbu8,Veera Dheera Sooran -Trailer | Chiyaan Vikram | SJ Suryah | S.U.Arun Kumar | G.V.Prakash |Riya Shibu,6779271,124511,2518
2025-03-23,11,PoKMn7Q5ons,Exam Sothanaigal 4 | Micset,622729,44177,1002
2025-03-23,12,buhiqHwHHNc,I Left Baby on Grandparents Door & Hid in our Home üò±,3365677,98105,2914
2025-03-23,13,gIJqao730mY,Where is Mau ?,549443,31694,2564
2025-03-23,14,-Wn6ATx3r-4,L2E Empuraan Trailer Response Malayalam | Booking Crash,292859,16604,1348
2025-03-23,15,G1cMZ-1Uy8E,Can I make my Sister‚Äôs DREAM Birthday Cake?,501142,18368,2750
2025-03-23,1,9iF0gsHsgPQ,Aas Paas Episode 21 - [Eng Sub] - Laiba Khan - Ali Ansari - 22nd March 2025 - HAR PAL GEO,4369422,131364,1945
2025-03-23,2,7XTCA8F5bdk,Our New Studio Tour- Crazy XYZ Studioüî• | ‡§ï‡§ø‡§§‡§®‡§æ ‡§¨‡§®‡§æ ‡§π‡§Æ‡§æ‡§∞‡§æ ‡§®‡§Ø‡§æ ‡§∏‡•ç‡§ü‡•Ç‡§°‡§ø‡§Ø‡•ã?,2085408,180254,7943
2025-03-23,3,Kg9FZJ9XxBQ,NZ Vs PAK 3rd T20I | Cricket Highlights | Pakistan Tour Of New Zealand | 21st March 2025,3743625,52844,3349
2025-03-23,4,yG2MoXdFB34,KANIMAA Lyrical Video - RETRO | Suriya | Karthik Subbaraj | Pooja Hegde | Santhosh Narayanan,10828106,246813,7835
2025-03-23,5,_EfZAOjo69U,Bade Bhaiya Humko FF Khelna Hai :  @arpitbaala ft. @TotalGaming093 | Free Fire MAX,6259826,288987,26198
2025-03-23,6,40p8cYtjB4Y,ATHAGAARINTIKI FULL SONG | MADEEN SK | BULLETBANDI LAXMAN | KITTU PAWAN | DILIP SAI SHIRISHA LAXMAN,933021,56404,2838
2025-03-23,7,0OA5UnEGCn0,NZ vs PAK 3rd T20I - Cricket Highlights | Pakistan Tour Of New Zealand 2025 | Prime Video India,1335867,15988,1349
2025-03-23,8,PGqltBCo6cU,L2E Empuraan Trailer (Malayalam) | Mohanlal | Prithviraj Sukumaran | Murali Gopy | March 27 Release,10409308,485609,36974
2025-03-23,9,OU1iCjoe1cY,Aas Paas Episode 20 - [Eng Sub] - Laiba Khan - Ali Ansari - 21st March 2025 - HAR PAL GEO,8530364,200567,5072
2025-03-23,10,vHPae4sZbu8,Veera Dheera Sooran -Trailer | Chiyaan Vikram | SJ Suryah | S.U.Arun Kumar | G.V.Prakash |Riya Shibu,6791804,124901,2518
2025-03-23,11,PoKMn7Q5ons,Exam Sothanaigal 4 | Micset,632714,44774,1009
2025-03-23,12,buhiqHwHHNc,I Left Baby on Grandparents Door & Hid in our Home üò±,3377486,98468,2924
2025-03-23,13,-Wn6ATx3r-4,L2E Empuraan Trailer Response Malayalam | Booking Crash,301318,17073,1378
2025-03-23,14,gIJqao730mY,Where is Mau ?,553813,31947,2589
2025-03-23,15,G1cMZ-1Uy8E,Can I make my Sister‚Äôs DREAM Birthday Cake?,514642,18991,2828
2025-03-23,1,9iF0gsHsgPQ,Aas Paas Episode 21 - [Eng Sub] - Laiba Khan - Ali Ansari - 22nd March 2025 - HAR PAL GEO,4702015,137055,2034
2025-03-23,2,7XTCA8F5bdk,Our New Studio Tour- Crazy XYZ Studioüî• | ‡§ï‡§ø‡§§‡§®‡§æ ‡§¨‡§®‡§æ ‡§π‡§Æ‡§æ‡§∞‡§æ ‡§®‡§Ø‡§æ ‡§∏‡•ç‡§ü‡•Ç‡§°‡§ø‡§Ø‡•ã?,2165881,184700,8091
2025-03-23,3,yG2MoXdFB34,KANIMAA Lyrical Video - RETRO | Suriya | Karthik Subbaraj | Pooja Hegde | Santhosh Narayanan,10981863,248219,7877
2025-03-23,4,Kg9FZJ9XxBQ,NZ Vs PAK 3rd T20I | Cricket Highlights | Pakistan Tour Of New Zealand | 21st March 2025,3756551,52924,3390
2025-03-23,5,_EfZAOjo69U,Bade Bhaiya Humko FF Khelna Hai :  @arpitbaala ft. @TotalGaming093 | Free Fire MAX,6627877,296011,26712
2025-03-23,6,40p8cYtjB4Y,ATHAGAARINTIKI FULL SONG | MADEEN SK | BULLETBANDI LAXMAN | KITTU PAWAN | DILIP SAI SHIRISHA LAXMAN,958510,57021,2867
2025-03-23,7,0OA5UnEGCn0,NZ vs PAK 3rd T20I - Cricket Highlights | Pakistan Tour Of New Zealand 2025 | Prime Video India,1342121,16041,1353
2025-03-23,8,PGqltBCo6cU,L2E Empuraan Trailer (Malayalam) | Mohanlal | Prithviraj Sukumaran | Murali Gopy | March 27 Release,10453079,486639,37027
2025-03-23,9,OU1iCjoe1cY,Aas Paas Episode 20 - [Eng Sub] - Laiba Khan - Ali Ansari - 21st March 2025 - HAR PAL GEO,8589810,201300,5081
2025-03-23,10,vHPae4sZbu8,Veera Dheera Sooran -Trailer | Chiyaan Vikram | SJ Suryah | S.U.Arun Kumar | G.V.Prakash |Riya Shibu,6805037,125239,2525
2025-03-23,11,PoKMn7Q5ons,Exam Sothanaigal 4 | Micset,643976,45231,1012
2025-03-23,12,-Wn6ATx3r-4,L2E Empuraan Trailer Response Malayalam | Booking Crash,311294,17453,1391
2025-03-23,13,buhiqHwHHNc,I Left Baby on Grandparents Door & Hid in our Home üò±,3394805,98833,2939
2025-03-23,14,G1cMZ-1Uy8E,Can I make my Sister‚Äôs DREAM Birthday Cake?,532829,19526,2866
2025-03-23,15,gIJqao730mY,Where is Mau ?,558677,32162,2627
2025-03-23,1,9iF0gsHsgPQ,Aas Paas Episode 21 - [Eng Sub] - Laiba Khan - Ali Ansari - 22nd March 2025 - HAR PAL GEO,5048657,142927,2088
2025-03-23,2,7XTCA8F5bdk,Our New Studio Tour- Crazy XYZ Studioüî• | ‡§ï‡§ø‡§§‡§®‡§æ ‡§¨‡§®‡§æ ‡§π‡§Æ‡§æ‡§∞‡§æ ‡§®‡§Ø‡§æ ‡§∏‡•ç‡§ü‡•Ç‡§°‡§ø‡§Ø‡•ã?,2254749,189949,8283
2025-03-23,3,yG2MoXdFB34,KANIMAA Lyrical Video - RETRO | Suriya | Karthik Subbaraj | Pooja Hegde | Santhosh Narayanan,11240244,249637,7917
2025-03-23,4,Kg9FZJ9XxBQ,NZ Vs PAK 3rd T20I | Cricket Highlights | Pakistan Tour Of New Zealand | 21st March 2025,3769909,52997,3412
2025-03-23,5,_EfZAOjo69U,Bade Bhaiya Humko FF Khelna Hai :  @arpitbaala ft. @TotalGaming093 | Free Fire MAX,6967480,304053,27284
2025-03-23,6,40p8cYtjB4Y,ATHAGAARINTIKI FULL SONG | MADEEN SK | BULLETBANDI LAXMAN | KITTU PAWAN | DILIP SAI SHIRISHA LAXMAN,985668,57700,2903
2025-03-23,7,0OA5UnEGCn0,NZ vs PAK 3rd T20I - Cricket Highlights | Pakistan Tour Of New Zealand 2025 | Prime Video India,1350894,16075,1355
2025-03-23,8,PGqltBCo6cU,L2E Empuraan Trailer (Malayalam) | Mohanlal | Prithviraj Sukumaran | Murali Gopy | March 27 Release,10506596,487776,37152
2025-03-23,9,OU1iCjoe1cY,Aas Paas Episode 20 - [Eng Sub] - Laiba Khan - Ali Ansari - 21st March 2025 - HAR PAL GEO,8650695,202222,5095
2025-03-23,10,isJgGyJS7zc,Pandian Stores 2 | 24th to 28th March 2025 - Promo,1140362,31672,163
2025-03-23,11,M5sPLXEar08,Siragadikka Aasai | 24th to 28th March 2025 - Promo,1354280,39587,1456
2025-03-23,12,vHPae4sZbu8,Veera Dheera Sooran -Trailer | Chiyaan Vikram | SJ Suryah | S.U.Arun Kumar | G.V.Prakash |Riya Shibu,6819600,125584,2530
2025-03-23,13,-Wn6ATx3r-4,L2E Empuraan Trailer Response Malayalam | Booking Crash,320587,17790,1410
2025-03-23,14,PoKMn7Q5ons,Exam Sothanaigal 4 | Micset,655282,45867,1017
2025-03-23,15,buhiqHwHHNc,I Left Baby on Grandparents Door & Hid in our Home üò±,3416035,99322,2952
2025-03-23,1,M5sPLXEar08,Siragadikka Aasai | 24th to 28th March 2025 - Promo,1794574,43457,1621
2025-03-23,2,9iF0gsHsgPQ,Aas Paas Episode 21 - [Eng Sub] - Laiba Khan - Ali Ansari - 22nd March 2025 - HAR PAL GEO,5381457,147400,2143
2025-03-23,3,7XTCA8F5bdk,Our New Studio Tour- Crazy XYZ Studioüî• | ‡§ï‡§ø‡§§‡§®‡§æ ‡§¨‡§®‡§æ ‡§π‡§Æ‡§æ‡§∞‡§æ ‡§®‡§Ø‡§æ ‡§∏‡•ç‡§ü‡•Ç‡§°‡§ø‡§Ø‡•ã?,2340115,193986,8386
2025-03-23,4,yG2MoXdFB34,KANIMAA Lyrical Video - RETRO | Suriya | Karthik Subbaraj | Pooja Hegde | Santhosh Narayanan,11904950,250818,7968
2025-03-23,5,Kg9FZJ9XxBQ,NZ Vs PAK 3rd T20I | Cricket Highlights | Pakistan Tour Of New Zealand | 21st March 2025,3784280,53071,3440
2025-03-23,6,_EfZAOjo69U,Bade Bhaiya Humko FF Khelna Hai :  @arpitbaala ft. @TotalGaming093 | Free Fire MAX,7351100,311027,27788
2025-03-23,7,40p8cYtjB4Y,ATHAGAARINTIKI FULL SONG | MADEEN SK | BULLETBANDI LAXMAN | KITTU PAWAN | DILIP SAI SHIRISHA LAXMAN,1010719,58214,2937
2025-03-23,8,0OA5UnEGCn0,NZ vs PAK 3rd T20I - Cricket Highlights | Pakistan Tour Of New Zealand 2025 | Prime Video India,1358979,16101,1361
2025-03-23,9,isJgGyJS7zc,Pandian Stores 2 | 24th to 28th March 2025 - Promo,1464881,34708,173
2025-03-23,10,PGqltBCo6cU,L2E Empuraan Trailer (Malayalam) | Mohanlal | Prithviraj Sukumaran | Murali Gopy | March 27 Release,10558492,488742,37231
2025-03-23,11,OU1iCjoe1cY,Aas Paas Episode 20 - [Eng Sub] - Laiba Khan - Ali Ansari - 21st March 2025 - HAR PAL GEO,8727196,202961,5119
2025-03-23,12,vHPae4sZbu8,Veera Dheera Sooran -Trailer | Chiyaan Vikram | SJ Suryah | S.U.Arun Kumar | G.V.Prakash |Riya Shibu,6832873,125858,2534
2025-03-23,13,-Wn6ATx3r-4,L2E Empuraan Trailer Response Malayalam | Booking Crash,329871,18087,1436
2025-03-23,14,PoKMn7Q5ons,Exam Sothanaigal 4 | Micset,665426,46487,1024
2025-03-23,15,buhiqHwHHNc,I Left Baby on Grandparents Door & Hid in our Home üò±,3438573,99739,2966
2025-03-23,1,9iF0gsHsgPQ,Aas Paas Episode 21 - [Eng Sub] - Laiba Khan - Ali Ansari - 22nd March 2025 - HAR PAL GEO,5675482,151598,2194
2025-03-23,2,M5sPLXEar08,Siragadikka Aasai | 24th to 28th March 2025 - Promo,2079992,46727,1748
2025-03-23,3,isJgGyJS7zc,Pandian Stores 2 | 24th to 28th March 2025 - Promo,1698144,37034,187
2025-03-23,4,7XTCA8F5bdk,Our New Studio Tour- Crazy XYZ Studioüî• | ‡§ï‡§ø‡§§‡§®‡§æ ‡§¨‡§®‡§æ ‡§π‡§Æ‡§æ‡§∞‡§æ ‡§®‡§Ø‡§æ ‡§∏‡•ç‡§ü‡•Ç‡§°‡§ø‡§Ø‡•ã?,2415103,197052,8519
2025-03-23,5,yG2MoXdFB34,KANIMAA Lyrical Video - RETRO | Suriya | Karthik Subbaraj | Pooja Hegde | Santhosh Narayanan,12331499,251896,8025
2025-03-23,6,s-c4ozmAd94,Mahanadhi | 24th to 28th March 2025 - Promo,1752459,54739,782
2025-03-23,7,Kg9FZJ9XxBQ,NZ Vs PAK 3rd T20I | Cricket Highlights | Pakistan Tour Of New Zealand | 21st March 2025,3798293,53114,3497
2025-03-23,8,_EfZAOjo69U,Bade Bhaiya Humko FF Khelna Hai :  @arpitbaala ft. @TotalGaming093 | Free Fire MAX,7671031,317404,28270
2025-03-23,9,40p8cYtjB4Y,ATHAGAARINTIKI FULL SONG | MADEEN SK | BULLETBANDI LAXMAN | KITTU PAWAN | DILIP SAI SHIRISHA LAXMAN,1032159,58730,2964
2025-03-23,10,0OA5UnEGCn0,NZ vs PAK 3rd T20I - Cricket Highlights | Pakistan Tour Of New Zealand 2025 | Prime Video India,1365671,16106,1364
2025-03-23,11,PGqltBCo6cU,L2E Empuraan Trailer (Malayalam) | Mohanlal | Prithviraj Sukumaran | Murali Gopy | March 27 Release,10607178,489645,37289
2025-03-23,12,OU1iCjoe1cY,Aas Paas Episode 20 - [Eng Sub] - Laiba Khan - Ali Ansari - 21st March 2025 - HAR PAL GEO,8790719,203725,5130
2025-03-23,13,1QnjvF-2nJs,SRH vs RR Dream11 Prediction|SRH vs RR Dream11 Team|SRH vs RR Dream11|,256006,10959,574
2025-03-23,14,vHPae4sZbu8,Veera Dheera Sooran -Trailer | Chiyaan Vikram | SJ Suryah | S.U.Arun Kumar | G.V.Prakash |Riya Shibu,6844926,126092,2538
2025-03-23,15,-Wn6ATx3r-4,L2E Empuraan Trailer Response Malayalam | Booking Crash,336575,18316,1452
2025-03-23,1,9iF0gsHsgPQ,Aas Paas Episode 21 - [Eng Sub] - Laiba Khan - Ali Ansari - 22nd March 2025 - HAR PAL GEO,5962690,154312,2228
2025-03-23,2,M5sPLXEar08,Siragadikka Aasai | 24th to 29th March 2025 - Promo,2387658,48943,1838
2025-03-23,3,yG2MoXdFB34,KANIMAA Lyrical Video - RETRO | Suriya | Karthik Subbaraj | Pooja Hegde | Santhosh Narayanan,12391825,252676,9054
2025-03-23,4,7XTCA8F5bdk,Our New Studio Tour- Crazy XYZ Studioüî• | ‡§ï‡§ø‡§§‡§®‡§æ ‡§¨‡§®‡§æ ‡§π‡§Æ‡§æ‡§∞‡§æ ‡§®‡§Ø‡§æ ‡§∏‡•ç‡§ü‡•Ç‡§°‡§ø‡§Ø‡•ã?,2489073,198749,8579
2025-03-23,5,Kg9FZJ9XxBQ,NZ Vs PAK 3rd T20I | Cricket Highlights | Pakistan Tour Of New Zealand | 21st March 2025,3810309,53124,3517
2025-03-23,6,isJgGyJS7zc,Pandian Stores 2 | 24th to 29th March 2025 - Promo,1925212,38709,196
2025-03-23,7,_EfZAOjo69U,Bade Bhaiya Humko FF Khelna Hai :  @arpitbaala ft. @TotalGaming093 | Free Fire MAX,8044933,322456,28712
2025-03-23,8,s-c4ozmAd94,Mahanadhi | 24th to 28th March 2025 - Promo,1970220,56943,808
2025-03-23,9,40p8cYtjB4Y,ATHAGAARINTIKI FULL SONG | MADEEN SK | BULLETBANDI LAXMAN | KITTU PAWAN | DILIP SAI SHIRISHA LAXMAN,1055904,59187,2991
2025-03-23,10,0OA5UnEGCn0,NZ vs PAK 3rd T20I - Cricket Highlights | Pakistan Tour Of New Zealand 2025 | Prime Video India,1371571,16113,1366
2025-03-23,11,PGqltBCo6cU,L2E Empuraan Trailer (Malayalam) | Mohanlal | Prithviraj Sukumaran | Murali Gopy | March 27 Release,10662061,490371,37345
2025-03-23,12,OU1iCjoe1cY,Aas Paas Episode 20 - [Eng Sub] - Laiba Khan - Ali Ansari - 21st March 2025 - HAR PAL GEO,8861291,204202,5145
2025-03-23,13,1QnjvF-2nJs,SRH vs RR Dream11 Prediction|SRH vs RR Dream11 Team|SRH vs RR Dream11|,288276,10950,577
2025-03-23,14,vHPae4sZbu8,Veera Dheera Sooran -Trailer | Chiyaan Vikram | SJ Suryah | S.U.Arun Kumar | G.V.Prakash |Riya Shibu,6858073,126236,2543
2025-03-23,15,-Wn6ATx3r-4,L2E Empuraan Trailer Response Malayalam | Booking Crash,344407,18423,1458
2025-03-23,1,9iF0gsHsgPQ,Aas Paas Episode 21 - [Eng Sub] - Laiba Khan - Ali Ansari - 22nd March 2025 - HAR PAL GEO,6249825,156991,2257
2025-03-23,2,M5sPLXEar08,Siragadikka Aasai | 24th to 29th March 2025 - Promo,2630521,50937,1929
2025-03-23,3,yG2MoXdFB34,KANIMAA Lyrical Video - RETRO | Suriya | Karthik Subbaraj | Pooja Hegde | Santhosh Narayanan,12445656,253646,9096
2025-03-23,4,7XTCA8F5bdk,Our New Studio Tour- Crazy XYZ Studioüî• | ‡§ï‡§ø‡§§‡§®‡§æ ‡§¨‡§®‡§æ ‡§π‡§Æ‡§æ‡§∞‡§æ ‡§®‡§Ø‡§æ ‡§∏‡•ç‡§ü‡•Ç‡§°‡§ø‡§Ø‡•ã?,2549008,200618,8660
2025-03-23,5,Kg9FZJ9XxBQ,NZ Vs PAK 3rd T20I | Cricket Highlights | Pakistan Tour Of New Zealand | 21st March 2025,3819788,53160,3540
2025-03-23,6,isJgGyJS7zc,Pandian Stores 2 | 24th to 29th March 2025 - Promo,2122027,40180,201
2025-03-23,7,_EfZAOjo69U,Bade Bhaiya Humko FF Khelna Hai :  @arpitbaala ft. @TotalGaming093 | Free Fire MAX,8377035,328167,29140
2025-03-23,8,40p8cYtjB4Y,ATHAGAARINTIKI FULL SONG | MADEEN SK | BULLETBANDI LAXMAN | KITTU PAWAN | DILIP SAI SHIRISHA LAXMAN,1079148,59752,3022
2025-03-23,9,s-c4ozmAd94,Mahanadhi | 24th to 28th March 2025 - Promo,2147041,58907,823
2025-03-23,10,0OA5UnEGCn0,NZ vs PAK 3rd T20I - Cricket Highlights | Pakistan Tour Of New Zealand 2025 | Prime Video India,1376542,16124,1369
2025-03-23,11,PGqltBCo6cU,L2E Empuraan Trailer (Malayalam) | Mohanlal | Prithviraj Sukumaran | Murali Gopy | March 27 Release,10711894,491214,37409
2025-03-23,12,OU1iCjoe1cY,Aas Paas Episode 20 - [Eng Sub] - Laiba Khan - Ali Ansari - 21st March 2025 - HAR PAL GEO,8932007,204862,5168
2025-03-23,13,1QnjvF-2nJs,SRH vs RR Dream11 Prediction|SRH vs RR Dream11 Team|SRH vs RR Dream11|,305759,10974,580
2025-03-23,14,vHPae4sZbu8,Veera Dheera Sooran -Trailer | Chiyaan Vikram | SJ Suryah | S.U.Arun Kumar | G.V.Prakash |Riya Shibu,6870045,126465,2549
2025-03-23,15,-Wn6ATx3r-4,L2E Empuraan Trailer Response Malayalam | Booking Crash,350650,18581,1470
2025-03-23,1,9iF0gsHsgPQ,Aas Paas Episode 21 - [Eng Sub] - Laiba Khan - Ali Ansari - 22nd March 2025 - HAR PAL GEO,6440923,158583,3185
2025-03-23,2,M5sPLXEar08,Siragadikka Aasai | 24th to 29th March 2025 - Promo,2791919,52513,1986
2025-03-23,3,yG2MoXdFB34,KANIMAA Lyrical Video - RETRO | Suriya | Karthik Subbaraj | Pooja Hegde | Santhosh Narayanan,12484028,254536,9136
2025-03-23,4,7XTCA8F5bdk,Our New Studio Tour- Crazy XYZ Studioüî• | ‡§ï‡§ø‡§§‡§®‡§æ ‡§¨‡§®‡§æ ‡§π‡§Æ‡§æ‡§∞‡§æ ‡§®‡§Ø‡§æ ‡§∏‡•ç‡§ü‡•Ç‡§°‡§ø‡§Ø‡•ã?,2586744,201971,8791
2025-03-23,5,Kg9FZJ9XxBQ,NZ Vs PAK 3rd T20I | Cricket Highlights | Pakistan Tour Of New Zealand | 21st March 2025,3825637,53187,3565
2025-03-23,6,isJgGyJS7zc,Pandian Stores 2 | 24th to 29th March 2025 - Promo,2248063,41418,207
2025-03-23,7,_EfZAOjo69U,Bade Bhaiya Humko FF Khelna Hai :  @arpitbaala ft. @TotalGaming093 | Free Fire MAX,8621668,333448,29664
2025-03-23,8,40p8cYtjB4Y,ATHAGAARINTIKI FULL SONG | MADEEN SK | BULLETBANDI LAXMAN | KITTU PAWAN | DILIP SAI SHIRISHA LAXMAN,1098272,60258,3064
2025-03-23,9,s-c4ozmAd94,Mahanadhi | 24th to 28th March 2025 - Promo,2252770,60408,836
2025-03-23,10,0OA5UnEGCn0,NZ vs PAK 3rd T20I - Cricket Highlights | Pakistan Tour Of New Zealand 2025 | Prime Video India,1379256,16136,1369
2025-03-23,11,PGqltBCo6cU,L2E Empuraan Trailer (Malayalam) | Mohanlal | Prithviraj Sukumaran | Murali Gopy | March 27 Release,10749145,491955,37500
2025-03-23,12,OU1iCjoe1cY,Aas Paas Episode 20 - [Eng Sub] - Laiba Khan - Ali Ansari - 21st March 2025 - HAR PAL GEO,8987881,205240,5197
2025-03-23,13,vHPae4sZbu8,Veera Dheera Sooran -Trailer | Chiyaan Vikram | SJ Suryah | S.U.Arun Kumar | G.V.Prakash |Riya Shibu,6878970,126678,2554
2025-03-23,14,1QnjvF-2nJs,SRH vs RR Dream11 Prediction|SRH vs RR Dream11 Team|SRH vs RR Dream11|,308063,11017,590
2025-03-23,15,-Wn6ATx3r-4,L2E Empuraan Trailer Response Malayalam | Booking Crash,354727,18705,1504
2025-03-23,1,9iF0gsHsgPQ,Aas Paas Episode 21 - [Eng Sub] - Laiba Khan - Ali Ansari - 22nd March 2025 - HAR PAL GEO,6562160,160518,3220
2025-03-23,2,yG2MoXdFB34,KANIMAA Lyrical Video - RETRO | Suriya | Karthik Subbaraj | Pooja Hegde | Santhosh Narayanan,12518985,255222,9157
2025-03-23,3,M5sPLXEar08,Siragadikka Aasai | 24th to 29th March 2025 - Promo,2917847,53769,2027
2025-03-23,4,7XTCA8F5bdk,Our New Studio Tour- Crazy XYZ Studioüî• | ‡§ï‡§ø‡§§‡§®‡§æ ‡§¨‡§®‡§æ ‡§π‡§Æ‡§æ‡§∞‡§æ ‡§®‡§Ø‡§æ ‡§∏‡•ç‡§ü‡•Ç‡§°‡§ø‡§Ø‡•ã?,2617832,203411,8849
2025-03-23,5,Kg9FZJ9XxBQ,NZ Vs PAK 3rd T20I | Cricket Highlights | Pakistan Tour Of New Zealand | 21st March 2025,3831122,53200,3575
2025-03-23,6,isJgGyJS7zc,Pandian Stores 2 | 24th to 29th March 2025 - Promo,2339166,42487,212
2025-03-23,7,_EfZAOjo69U,Bade Bhaiya Humko FF Khelna Hai :  @arpitbaala ft. @TotalGaming093 | Free Fire MAX,8838242,338281,30046
2025-03-23,8,40p8cYtjB4Y,ATHAGAARINTIKI FULL SONG | MADEEN SK | BULLETBANDI LAXMAN | KITTU PAWAN | DILIP SAI SHIRISHA LAXMAN,1119588,60676,3084
2025-03-23,9,s-c4ozmAd94,Mahanadhi | 24th to 28th March 2025 - Promo,2344994,61776,842
2025-03-23,10,0OA5UnEGCn0,NZ vs PAK 3rd T20I - Cricket Highlights | Pakistan Tour Of New Zealand 2025 | Prime Video India,1381227,16145,1372
2025-03-23,11,PGqltBCo6cU,L2E Empuraan Trailer (Malayalam) | Mohanlal | Prithviraj Sukumaran | Murali Gopy | March 27 Release,10786179,492620,37539
2025-03-23,12,OU1iCjoe1cY,Aas Paas Episode 20 - [Eng Sub] - Laiba Khan - Ali Ansari - 21st March 2025 - HAR PAL GEO,9026192,205676,5203
2025-03-23,13,vHPae4sZbu8,Veera Dheera Sooran -Trailer | Chiyaan Vikram | SJ Suryah | S.U.Arun Kumar | G.V.Prakash |Riya Shibu,6888266,126883,2560
2025-03-23,14,1QnjvF-2nJs,SRH vs RR Dream11 Prediction|SRH vs RR Dream11 Team|SRH vs RR Dream11|,311134,11040,595
2025-03-23,15,-Wn6ATx3r-4,L2E Empuraan Trailer Response Malayalam | Booking Crash,358337,18817,1506
2025-03-23,1,9iF0gsHsgPQ,Aas Paas Episode 21 - [Eng Sub] - Laiba Khan - Ali Ansari - 22nd March 2025 - HAR PAL GEO,6674980,163624,3263
2025-03-23,2,yG2MoXdFB34,KANIMAA Lyrical Video - RETRO | Suriya | Karthik Subbaraj | Pooja Hegde | Santhosh Narayanan,12559386,255904,9180
2025-03-23,3,M5sPLXEar08,Siragadikka Aasai | 24th to 29th March 2025 - Promo,3046655,54988,2081
2025-03-23,4,7XTCA8F5bdk,Our New Studio Tour- Crazy XYZ Studioüî• | ‡§ï‡§ø‡§§‡§®‡§æ ‡§¨‡§®‡§æ ‡§π‡§Æ‡§æ‡§∞‡§æ ‡§®‡§Ø‡§æ ‡§∏‡•ç‡§ü‡•Ç‡§°‡§ø‡§Ø‡•ã?,2646408,205496,8925
2025-03-23,5,Kg9FZJ9XxBQ,NZ Vs PAK 3rd T20I | Cricket Highlights | Pakistan Tour Of New Zealand | 21st March 2025,3836652,53232,3592
2025-03-23,6,isJgGyJS7zc,Pandian Stores 2 | 24th to 29th March 2025 - Promo,2430457,43508,219
2025-03-23,7,_EfZAOjo69U,Bade Bhaiya Humko FF Khelna Hai :  @arpitbaala ft. @TotalGaming093 | Free Fire MAX,9097981,343518,30449
2025-03-23,8,40p8cYtjB4Y,ATHAGAARINTIKI FULL SONG | MADEEN SK | BULLETBANDI LAXMAN | KITTU PAWAN | DILIP SAI SHIRISHA LAXMAN,1140303,61162,3113
2025-03-23,9,s-c4ozmAd94,Mahanadhi | 24th to 28th March 2025 - Promo,2427772,63054,848
2025-03-23,10,0OA5UnEGCn0,NZ vs PAK 3rd T20I - Cricket Highlights | Pakistan Tour Of New Zealand 2025 | Prime Video India,1383211,16152,1372
2025-03-23,11,PGqltBCo6cU,L2E Empuraan Trailer (Malayalam) | Mohanlal | Prithviraj Sukumaran | Murali Gopy | March 27 Release,10820977,493324,37607
2025-03-23,12,OU1iCjoe1cY,Aas Paas Episode 20 - [Eng Sub] - Laiba Khan - Ali Ansari - 21st March 2025 - HAR PAL GEO,9063079,206424,5223
2025-03-23,13,vHPae4sZbu8,Veera Dheera Sooran -Trailer | Chiyaan Vikram | SJ Suryah | S.U.Arun Kumar | G.V.Prakash |Riya Shibu,6898485,127098,2562
2025-03-23,14,-Wn6ATx3r-4,L2E Empuraan Trailer Response Malayalam | Booking Crash,361548,18939,1516
2025-03-23,15,G1cMZ-1Uy8E,Can I make my Sister‚Äôs DREAM Birthday Cake?,668322,22567,3141
2025-03-23,1,9iF0gsHsgPQ,Aas Paas Episode 21 - [Eng Sub] - Laiba Khan - Ali Ansari - 22nd March 2025 - HAR PAL GEO,6833331,167354,3312
2025-03-23,2,M5sPLXEar08,Siragadikka Aasai | 24th to 29th March 2025 - Promo,3165464,56212,2120
2025-03-23,3,yG2MoXdFB34,KANIMAA Lyrical Video - RETRO | Suriya | Karthik Subbaraj | Pooja Hegde | Santhosh Narayanan,12617763,256774,9212
2025-03-23,4,7XTCA8F5bdk,Our New Studio Tour- Crazy XYZ Studioüî• | ‡§ï‡§ø‡§§‡§®‡§æ ‡§¨‡§®‡§æ ‡§π‡§Æ‡§æ‡§∞‡§æ ‡§®‡§Ø‡§æ ‡§∏‡•ç‡§ü‡•Ç‡§°‡§ø‡§Ø‡•ã?,2680697,208256,9000
2025-03-23,5,Kg9FZJ9XxBQ,NZ Vs PAK 3rd T20I | Cricket Highlights | Pakistan Tour Of New Zealand | 21st March 2025,3842319,53255,3624
2025-03-23,6,isJgGyJS7zc,Pandian Stores 2 | 24th to 29th March 2025 - Promo,2532975,44406,227
2025-03-23,7,_EfZAOjo69U,Bade Bhaiya Humko FF Khelna Hai :  @arpitbaala ft. @TotalGaming093 | Free Fire MAX,9387934,349019,30811
2025-03-23,8,40p8cYtjB4Y,ATHAGAARINTIKI FULL SONG | MADEEN SK | BULLETBANDI LAXMAN | KITTU PAWAN | DILIP SAI SHIRISHA LAXMAN,1160437,61743,3133
2025-03-23,9,s-c4ozmAd94,Mahanadhi | 24th to 28th March 2025 - Promo,2506509,64278,850
2025-03-23,10,PGqltBCo6cU,L2E Empuraan Trailer (Malayalam) | Mohanlal | Prithviraj Sukumaran | Murali Gopy | March 27 Release,10858312,494160,37657
2025-03-23,11,0OA5UnEGCn0,NZ vs PAK 3rd T20I - Cricket Highlights | Pakistan Tour Of New Zealand 2025 | Prime Video India,1385724,16159,1375
2025-03-23,12,OU1iCjoe1cY,Aas Paas Episode 20 - [Eng Sub] - Laiba Khan - Ali Ansari - 21st March 2025 - HAR PAL GEO,9107972,207336,5245
2025-03-23,13,vHPae4sZbu8,Veera Dheera Sooran -Trailer | Chiyaan Vikram | SJ Suryah | S.U.Arun Kumar | G.V.Prakash |Riya Shibu,6907633,127364,2564
2025-03-23,14,geuI25CoZro,Pressure Cooker Episode - 05 | Wirally Originals | Tamada Media,163041,4813,107
2025-03-23,15,-Wn6ATx3r-4,L2E Empuraan Trailer Response Malayalam | Booking Crash,364692,19083,1519
2025-03-23,1,9iF0gsHsgPQ,Aas Paas Episode 21 - [Eng Sub] - Laiba Khan - Ali Ansari - 22nd March 2025 - HAR PAL GEO,7056469,170369,3357
2025-03-23,2,M5sPLXEar08,Siragadikka Aasai | 24th to 29th March 2025 - Promo,3293074,57239,2177
2025-03-23,3,yG2MoXdFB34,KANIMAA Lyrical Video - RETRO | Suriya | Karthik Subbaraj | Pooja Hegde | Santhosh Narayanan,12651171,257595,9245
2025-03-23,4,7XTCA8F5bdk,Our New Studio Tour- Crazy XYZ Studioüî• | ‡§ï‡§ø‡§§‡§®‡§æ ‡§¨‡§®‡§æ ‡§π‡§Æ‡§æ‡§∞‡§æ ‡§®‡§Ø‡§æ ‡§∏‡•ç‡§ü‡•Ç‡§°‡§ø‡§Ø‡•ã?,2726373,210621,9061
2025-03-23,5,Kg9FZJ9XxBQ,NZ Vs PAK 3rd T20I | Cricket Highlights | Pakistan Tour Of New Zealand | 21st March 2025,3849206,53282,3663
2025-03-23,6,isJgGyJS7zc,Pandian Stores 2 | 24th to 29th March 2025 - Promo,2617493,45180,231
2025-03-23,7,_EfZAOjo69U,Bade Bhaiya Humko FF Khelna Hai :  @arpitbaala ft. @TotalGaming093 | Free Fire MAX,9688174,353271,31100
2025-03-23,8,40p8cYtjB4Y,ATHAGAARINTIKI FULL SONG | MADEEN SK | BULLETBANDI LAXMAN | KITTU PAWAN | DILIP SAI SHIRISHA LAXMAN,1183750,62297,3165
2025-03-23,9,s-c4ozmAd94,Mahanadhi | 24th to 28th March 2025 - Promo,2585944,65274,857
2025-03-23,10,PGqltBCo6cU,L2E Empuraan Trailer (Malayalam) | Mohanlal | Prithviraj Sukumaran | Murali Gopy | March 27 Release,10904674,494995,37784
2025-03-23,11,0OA5UnEGCn0,NZ vs PAK 3rd T20I - Cricket Highlights | Pakistan Tour Of New Zealand 2025 | Prime Video India,1388308,16173,1375
2025-03-23,12,OU1iCjoe1cY,Aas Paas Episode 20 - [Eng Sub] - Laiba Khan - Ali Ansari - 21st March 2025 - HAR PAL GEO,9176764,208179,5253
2025-03-23,13,geuI25CoZro,Pressure Cooker Episode - 05 | Wirally Originals | Tamada Media,175869,5011,110
2025-03-23,14,vHPae4sZbu8,Veera Dheera Sooran -Trailer | Chiyaan Vikram | SJ Suryah | S.U.Arun Kumar | G.V.Prakash |Riya Shibu,6918429,127607,2565
2025-03-23,15,ivuS6rwGqo4,‡¥Ü‡¥® ‡¥ï‡¥ï‡µç‡¥ï‡¥æ ‡¥±‡µã‡¥∏‡µç‡¥±‡µç‡¥±‡µç | Giant Clams Roast | M4 Tech |,622352,26106,881
2025-03-23,1,9iF0gsHsgPQ,Aas Paas Episode 21 - [Eng Sub] - Laiba Khan - Ali Ansari - 22nd March 2025 - HAR PAL GEO,7322841,172827,3394
2025-03-23,2,M5sPLXEar08,Siragadikka Aasai | 24th to 29th March 2025 - Promo,3409983,58121,2203
2025-03-23,3,yG2MoXdFB34,KANIMAA Lyrical Video - RETRO | Suriya | Karthik Subbaraj | Pooja Hegde | Santhosh Narayanan,12693184,258437,9273
2025-03-23,4,7XTCA8F5bdk,Our New Studio Tour- Crazy XYZ Studioüî• | ‡§ï‡§ø‡§§‡§®‡§æ ‡§¨‡§®‡§æ ‡§π‡§Æ‡§æ‡§∞‡§æ ‡§®‡§Ø‡§æ ‡§∏‡•ç‡§ü‡•Ç‡§°‡§ø‡§Ø‡•ã?,2777486,212378,9115
2025-03-23,5,isJgGyJS7zc,Pandian Stores 2 | 24th to 29th March 2025 - Promo,2707440,45795,232
2025-03-23,6,Kg9FZJ9XxBQ,NZ Vs PAK 3rd T20I | Cricket Highlights | Pakistan Tour Of New Zealand | 21st March 2025,3856893,53312,3669
2025-03-23,7,_EfZAOjo69U,Bade Bhaiya Humko FF Khelna Hai :  @arpitbaala ft. @TotalGaming093 | Free Fire MAX,9958061,356713,31317
2025-03-23,8,40p8cYtjB4Y,ATHAGAARINTIKI FULL SONG | MADEEN SK | BULLETBANDI LAXMAN | KITTU PAWAN | DILIP SAI SHIRISHA LAXMAN,1206990,62697,3184
2025-03-23,9,s-c4ozmAd94,Mahanadhi | 24th to 28th March 2025 - Promo,2665789,66011,864
2025-03-23,10,PGqltBCo6cU,L2E Empuraan Trailer (Malayalam) | Mohanlal | Prithviraj Sukumaran | Murali Gopy | March 27 Release,10959673,495768,37872
2025-03-23,11,0OA5UnEGCn0,NZ vs PAK 3rd T20I - Cricket Highlights | Pakistan Tour Of New Zealand 2025 | Prime Video India,1391143,16181,1377
2025-03-23,12,OU1iCjoe1cY,Aas Paas Episode 20 - [Eng Sub] - Laiba Khan - Ali Ansari - 21st March 2025 - HAR PAL GEO,9261495,209009,5270
2025-03-23,13,geuI25CoZro,Pressure Cooker Episode - 05 | Wirally Originals | Tamada Media,187429,5182,113
2025-03-23,14,vHPae4sZbu8,Veera Dheera Sooran -Trailer | Chiyaan Vikram | SJ Suryah | S.U.Arun Kumar | G.V.Prakash |Riya Shibu,6932264,127865,2567
2025-03-23,15,-Wn6ATx3r-4,L2E Empuraan Trailer Response Malayalam | Booking Crash,372447,19330,1534
2025-03-23,1,9iF0gsHsgPQ,Aas Paas Episode 21 - [Eng Sub] - Laiba Khan - Ali Ansari - 22nd March 2025 - HAR PAL GEO,7558022,173935,3411
2025-03-23,2,M5sPLXEar08,Siragadikka Aasai | 24th to 29th March 2025 - Promo,3509999,58559,2224
2025-03-23,3,yG2MoXdFB34,KANIMAA Lyrical Video - RETRO | Suriya | Karthik Subbaraj | Pooja Hegde | Santhosh Narayanan,12725236,259073,9291
2025-03-23,4,7XTCA8F5bdk,Our New Studio Tour- Crazy XYZ Studioüî• | ‡§ï‡§ø‡§§‡§®‡§æ ‡§¨‡§®‡§æ ‡§π‡§Æ‡§æ‡§∞‡§æ ‡§®‡§Ø‡§æ ‡§∏‡•ç‡§ü‡•Ç‡§°‡§ø‡§Ø‡•ã?,2812746,213430,9134
2025-03-23,5,isJgGyJS7zc,Pandian Stores 2 | 24th to 29th March 2025 - Promo,2779337,46040,232
2025-03-23,6,Kg9FZJ9XxBQ,NZ Vs PAK 3rd T20I | Cricket Highlights | Pakistan Tour Of New Zealand | 21st March 2025,3863443,53333,3677
2025-03-23,7,_EfZAOjo69U,Bade Bhaiya Humko FF Khelna Hai :  @arpitbaala ft. @TotalGaming093 | Free Fire MAX,10127474,358739,31436
2025-03-23,8,40p8cYtjB4Y,ATHAGAARINTIKI FULL SONG | MADEEN SK | BULLETBANDI LAXMAN | KITTU PAWAN | DILIP SAI SHIRISHA LAXMAN,1222101,62874,3197
2025-03-23,9,s-c4ozmAd94,Mahanadhi | 24th to 28th March 2025 - Promo,2726243,66370,872
2025-03-23,10,PGqltBCo6cU,L2E Empuraan Trailer (Malayalam) | Mohanlal | Prithviraj Sukumaran | Murali Gopy | March 27 Release,11004094,496276,37908
2025-03-23,11,0OA5UnEGCn0,NZ vs PAK 3rd T20I - Cricket Highlights | Pakistan Tour Of New Zealand 2025 | Prime Video India,1393438,16190,1378
2025-03-23,12,OU1iCjoe1cY,Aas Paas Episode 20 - [Eng Sub] - Laiba Khan - Ali Ansari - 21st March 2025 - HAR PAL GEO,9337835,209484,5277
2025-03-23,13,geuI25CoZro,Pressure Cooker Episode - 05 | Wirally Originals | Tamada Media,196673,5258,114
2025-03-23,14,vHPae4sZbu8,Veera Dheera Sooran -Trailer | Chiyaan Vikram | SJ Suryah | S.U.Arun Kumar | G.V.Prakash |Riya Shibu,6941957,128031,2569
2025-03-23,15,-Wn6ATx3r-4,L2E Empuraan Trailer Response Malayalam | Booking Crash,375931,19449,1541
2025-03-23,1,9iF0gsHsgPQ,Aas Paas Episode 21 - [Eng Sub] - Laiba Khan - Ali Ansari - 22nd March 2025 - HAR PAL GEO,7718391,174791,3432
2025-03-23,2,M5sPLXEar08,Siragadikka Aasai | 24th to 29th March 2025 - Promo,3586945,58779,2236
2025-03-23,3,yG2MoXdFB34,KANIMAA Lyrical Video - RETRO | Suriya | Karthik Subbaraj | Pooja Hegde | Santhosh Narayanan,12753798,259477,9311
2025-03-23,4,7XTCA8F5bdk,Our New Studio Tour- Crazy XYZ Studioüî• | ‡§ï‡§ø‡§§‡§®‡§æ ‡§¨‡§®‡§æ ‡§π‡§Æ‡§æ‡§∞‡§æ ‡§®‡§Ø‡§æ ‡§∏‡•ç‡§ü‡•Ç‡§°‡§ø‡§Ø‡•ã?,2836298,214057,9156
2025-03-23,5,isJgGyJS7zc,Pandian Stores 2 | 24th to 29th March 2025 - Promo,2827882,46172,233
2025-03-23,6,Kg9FZJ9XxBQ,NZ Vs PAK 3rd T20I | Cricket Highlights | Pakistan Tour Of New Zealand | 21st March 2025,3869029,53348,3691
2025-03-23,7,_EfZAOjo69U,Bade Bhaiya Humko FF Khelna Hai :  @arpitbaala ft. @TotalGaming093 | Free Fire MAX,10244892,360163,31505
2025-03-23,8,40p8cYtjB4Y,ATHAGAARINTIKI FULL SONG | MADEEN SK | BULLETBANDI LAXMAN | KITTU PAWAN | DILIP SAI SHIRISHA LAXMAN,1232332,62983,3205
2025-03-23,9,s-c4ozmAd94,Mahanadhi | 24th to 28th March 2025 - Promo,2767409,66543,874
2025-03-23,10,PGqltBCo6cU,L2E Empuraan Trailer (Malayalam) | Mohanlal | Prithviraj Sukumaran | Murali Gopy | March 27 Release,11042970,496662,37952
2025-03-23,11,0OA5UnEGCn0,NZ vs PAK 3rd T20I - Cricket Highlights | Pakistan Tour Of New Zealand 2025 | Prime Video India,1395890,16198,1380
2025-03-23,12,OU1iCjoe1cY,Aas Paas Episode 20 - [Eng Sub] - Laiba Khan - Ali Ansari - 21st March 2025 - HAR PAL GEO,9398540,209908,5286
2025-03-23,13,geuI25CoZro,Pressure Cooker Episode - 05 | Wirally Originals | Tamada Media,203038,5307,114
2025-03-23,14,-Wn6ATx3r-4,L2E Empuraan Trailer Response Malayalam | Booking Crash,379436,19530,1545
2025-03-23,15,vHPae4sZbu8,Veera Dheera Sooran -Trailer | Chiyaan Vikram | SJ Suryah | S.U.Arun Kumar | G.V.Prakash |Riya Shibu,6952348,128158,2571
2025-03-23,1,9iF0gsHsgPQ,Aas Paas Episode 21 - [Eng Sub] - Laiba Khan - Ali Ansari - 22nd March 2025 - HAR PAL GEO,7832383,175231,3441
2025-03-23,2,M5sPLXEar08,Siragadikka Aasai | 24th to 29th March 2025 - Promo,3635129,58859,2243
2025-03-23,3,yG2MoXdFB34,KANIMAA Lyrical Video - RETRO | Suriya | Karthik Subbaraj | Pooja Hegde | Santhosh Narayanan,12781805,259651,9334
2025-03-23,4,7XTCA8F5bdk,Our New Studio Tour- Crazy XYZ Studioüî• | ‡§ï‡§ø‡§§‡§®‡§æ ‡§¨‡§®‡§æ ‡§π‡§Æ‡§æ‡§∞‡§æ ‡§®‡§Ø‡§æ ‡§∏‡•ç‡§ü‡•Ç‡§°‡§ø‡§Ø‡•ã?,2854760,214351,9172
2025-03-23,5,isJgGyJS7zc,Pandian Stores 2 | 24th to 29th March 2025 - Promo,2856208,46236,233
2025-03-23,6,Kg9FZJ9XxBQ,NZ Vs PAK 3rd T20I | Cricket Highlights | Pakistan Tour Of New Zealand | 21st March 2025,3874099,53358,3696
2025-03-23,7,_EfZAOjo69U,Bade Bhaiya Humko FF Khelna Hai :  @arpitbaala ft. @TotalGaming093 | Free Fire MAX,10334589,360889,31549
2025-03-23,8,40p8cYtjB4Y,ATHAGAARINTIKI FULL SONG | MADEEN SK | BULLETBANDI LAXMAN | KITTU PAWAN | DILIP SAI SHIRISHA LAXMAN,1239649,63030,3206
2025-03-23,9,s-c4ozmAd94,Mahanadhi | 24th to 28th March 2025 - Promo,2792605,66626,874
2025-03-23,10,PGqltBCo6cU,L2E Empuraan Trailer (Malayalam) | Mohanlal | Prithviraj Sukumaran | Murali Gopy | March 27 Release,11079624,496869,37971
2025-03-23,11,0OA5UnEGCn0,NZ vs PAK 3rd T20I - Cricket Highlights | Pakistan Tour Of New Zealand 2025 | Prime Video India,1398067,16203,1380
2025-03-23,12,OU1iCjoe1cY,Aas Paas Episode 20 - [Eng Sub] - Laiba Khan - Ali Ansari - 21st March 2025 - HAR PAL GEO,9445858,210133,5293
2025-03-23,13,geuI25CoZro,Pressure Cooker Episode - 05 | Wirally Originals | Tamada Media,208021,5325,114
2025-03-23,14,-Wn6ATx3r-4,L2E Empuraan Trailer Response Malayalam | Booking Crash,383420,19532,1546
2025-03-23,15,G1cMZ-1Uy8E,Can I make my Sister‚Äôs DREAM Birthday Cake?,729085,23468,3224
2025-03-23,1,9iF0gsHsgPQ,Aas Paas Episode 21 - [Eng Sub] - Laiba Khan - Ali Ansari - 22nd March 2025 - HAR PAL GEO,7892435,175615,3445
2025-03-23,2,M5sPLXEar08,Siragadikka Aasai | 24th to 29th March 2025 - Promo,3650887,58913,2248
2025-03-23,3,yG2MoXdFB34,KANIMAA Lyrical Video - RETRO | Suriya | Karthik Subbaraj | Pooja Hegde | Santhosh Narayanan,12794566,259772,9341
2025-03-23,4,isJgGyJS7zc,Pandian Stores 2 | 24th to 29th March 2025 - Promo,2866234,46276,233
2025-03-23,5,7XTCA8F5bdk,Our New Studio Tour- Crazy XYZ Studioüî• | ‡§ï‡§ø‡§§‡§®‡§æ ‡§¨‡§®‡§æ ‡§π‡§Æ‡§æ‡§∞‡§æ ‡§®‡§Ø‡§æ ‡§∏‡•ç‡§ü‡•Ç‡§°‡§ø‡§Ø‡•ã?,2862743,214499,9176
2025-03-23,6,Kg9FZJ9XxBQ,NZ Vs PAK 3rd T20I | Cricket Highlights | Pakistan Tour Of New Zealand | 21st March 2025,3876410,53363,3696
2025-03-23,7,_EfZAOjo69U,Bade Bhaiya Humko FF Khelna Hai :  @arpitbaala ft. @TotalGaming093 | Free Fire MAX,10377457,361350,31583
2025-03-23,8,40p8cYtjB4Y,ATHAGAARINTIKI FULL SONG | MADEEN SK | BULLETBANDI LAXMAN | KITTU PAWAN | DILIP SAI SHIRISHA LAXMAN,1242798,63061,3206
2025-03-23,9,s-c4ozmAd94,Mahanadhi | 24th to 28th March 2025 - Promo,2802231,66672,875
2025-03-23,10,PGqltBCo6cU,L2E Empuraan Trailer (Malayalam) | Mohanlal | Prithviraj Sukumaran | Murali Gopy | March 27 Release,11101473,496968,37991
2025-03-23,11,0OA5UnEGCn0,NZ vs PAK 3rd T20I - Cricket Highlights | Pakistan Tour Of New Zealand 2025 | Prime Video India,1399144,16204,1382
2025-03-23,12,OU1iCjoe1cY,Aas Paas Episode 20 - [Eng Sub] - Laiba Khan - Ali Ansari - 21st March 2025 - HAR PAL GEO,9475641,210333,5296
2025-03-23,13,geuI25CoZro,Pressure Cooker Episode - 05 | Wirally Originals | Tamada Media,210146,5338,115
2025-03-23,14,-Wn6ATx3r-4,L2E Empuraan Trailer Response Malayalam | Booking Crash,385477,19563,1546
2025-03-23,15,G1cMZ-1Uy8E,Can I make my Sister‚Äôs DREAM Birthday Cake?,731322,23489,3227
2025-03-23,1,9iF0gsHsgPQ,Aas Paas Episode 21 - [Eng Sub] - Laiba Khan - Ali Ansari - 22nd March 2025 - HAR PAL GEO,7934652,175912,3449
2025-03-23,2,yG2MoXdFB34,KANIMAA Lyrical Video - RETRO | Suriya | Karthik Subbaraj | Pooja Hegde | Santhosh Narayanan,12803360,259851,9351
2025-03-23,3,M5sPLXEar08,Siragadikka Aasai | 24th to 29th March 2025 - Promo,3659868,58964,2252
2025-03-23,4,isJgGyJS7zc,Pandian Stores 2 | 24th to 29th March 2025 - Promo,2872038,46308,233
2025-03-23,5,Kg9FZJ9XxBQ,NZ Vs PAK 3rd T20I | Cricket Highlights | Pakistan Tour Of New Zealand | 21st March 2025,3877959,53366,3696
2025-03-23,6,7XTCA8F5bdk,Our New Studio Tour- Crazy XYZ Studioüî• | ‡§ï‡§ø‡§§‡§®‡§æ ‡§¨‡§®‡§æ ‡§π‡§Æ‡§æ‡§∞‡§æ ‡§®‡§Ø‡§æ ‡§∏‡•ç‡§ü‡•Ç‡§°‡§ø‡§Ø‡•ã?,2866964,214640,9182
2025-03-23,7,_EfZAOjo69U,Bade Bhaiya Humko FF Khelna Hai :  @arpitbaala ft. @TotalGaming093 | Free Fire MAX,10404957,361656,31590
2025-03-23,8,40p8cYtjB4Y,ATHAGAARINTIKI FULL SONG | MADEEN SK | BULLETBANDI LAXMAN | KITTU PAWAN | DILIP SAI SHIRISHA LAXMAN,1244569,63077,3206
2025-03-23,9,s-c4ozmAd94,Mahanadhi | 24th to 28th March 2025 - Promo,2807390,66727,876
2025-03-23,10,PGqltBCo6cU,L2E Empuraan Trailer (Malayalam) | Mohanlal | Prithviraj Sukumaran | Murali Gopy | March 27 Release,11116219,496956,38005
2025-03-23,11,0OA5UnEGCn0,NZ vs PAK 3rd T20I - Cricket Highlights | Pakistan Tour Of New Zealand 2025 | Prime Video India,1399897,16208,1382
2025-03-23,12,geuI25CoZro,Pressure Cooker Episode - 05 | Wirally Originals | Tamada Media,211589,5342,117
2025-03-23,13,OU1iCjoe1cY,Aas Paas Episode 20 - [Eng Sub] - Laiba Khan - Ali Ansari - 21st March 2025 - HAR PAL GEO,9494855,210466,5296
2025-03-23,14,-Wn6ATx3r-4,L2E Empuraan Trailer Response Malayalam | Booking Crash,386999,19585,1546
2025-03-23,15,G1cMZ-1Uy8E,Can I make my Sister‚Äôs DREAM Birthday Cake?,732897,23503,3228
2025-03-24,1,9iF0gsHsgPQ,Aas Paas Episode 21 - [Eng Sub] - Laiba Khan - Ali Ansari - 22nd March 2025 - HAR PAL GEO,7979511,176579,3461
2025-03-24,2,yG2MoXdFB34,KANIMAA Lyrical Video - RETRO | Suriya | Karthik Subbaraj | Pooja Hegde | Santhosh Narayanan,12811966,260018,9351
2025-03-24,3,M5sPLXEar08,Siragadikka Aasai | 24th to 29th March 2025 - Promo,3670598,59131,2255
2025-03-24,4,isJgGyJS7zc,Pandian Stores 2 | 24th to 29th March 2025 - Promo,2878606,46430,233
2025-03-24,5,Kg9FZJ9XxBQ,NZ Vs PAK 3rd T20I | Cricket Highlights | Pakistan Tour Of New Zealand | 21st March 2025,3879595,53374,3699
2025-03-24,6,7XTCA8F5bdk,Our New Studio Tour- Crazy XYZ Studioüî• | ‡§ï‡§ø‡§§‡§®‡§æ ‡§¨‡§®‡§æ ‡§π‡§Æ‡§æ‡§∞‡§æ ‡§®‡§Ø‡§æ ‡§∏‡•ç‡§ü‡•Ç‡§°‡§ø‡§Ø‡•ã?,2871522,214921,9202
2025-03-24,7,_EfZAOjo69U,Bade Bhaiya Humko FF Khelna Hai :  @arpitbaala ft. @TotalGaming093 | Free Fire MAX,10430557,362103,31631
2025-03-24,8,40p8cYtjB4Y,ATHAGAARINTIKI FULL SONG | MADEEN SK | BULLETBANDI LAXMAN | KITTU PAWAN | DILIP SAI SHIRISHA LAXMAN,1246831,63182,3210
2025-03-24,9,s-c4ozmAd94,Mahanadhi | 24th to 28th March 2025 - Promo,2813832,66903,877
2025-03-24,10,PGqltBCo6cU,L2E Empuraan Trailer (Malayalam) | Mohanlal | Prithviraj Sukumaran | Murali Gopy | March 27 Release,11131608,497116,38021
2025-03-24,11,0OA5UnEGCn0,NZ vs PAK 3rd T20I - Cricket Highlights | Pakistan Tour Of New Zealand 2025 | Prime Video India,1400604,16212,1385
2025-03-24,12,OU1iCjoe1cY,Aas Paas Episode 20 - [Eng Sub] - Laiba Khan - Ali Ansari - 21st March 2025 - HAR PAL GEO,9516114,210762,5299
2025-03-24,13,geuI25CoZro,Pressure Cooker Episode - 05 | Wirally Originals | Tamada Media,213314,5363,117
2025-03-24,14,-Wn6ATx3r-4,L2E Empuraan Trailer Response Malayalam | Booking Crash,388425,19608,1541
2025-03-24,15,G1cMZ-1Uy8E,Can I make my Sister‚Äôs DREAM Birthday Cake?,734349,23551,3233
2025-03-24,1,9iF0gsHsgPQ,Aas Paas Episode 21 - [Eng Sub] - Laiba Khan - Ali Ansari - 22nd March 2025 - HAR PAL GEO,8041177,177215,3473
2025-03-24,2,yG2MoXdFB34,KANIMAA Lyrical Video - RETRO | Suriya | Karthik Subbaraj | Pooja Hegde | Santhosh Narayanan,12822746,260577,9361
2025-03-24,3,M5sPLXEar08,Siragadikka Aasai | 24th to 29th March 2025 - Promo,3690823,59452,2269
2025-03-24,4,isJgGyJS7zc,Pandian Stores 2 | 24th to 29th March 2025 - Promo,2893961,46658,233
2025-03-24,5,Kg9FZJ9XxBQ,NZ Vs PAK 3rd T20I | Cricket Highlights | Pakistan Tour Of New Zealand | 21st March 2025,3881984,53392,3706
2025-03-24,6,7XTCA8F5bdk,Our New Studio Tour- Crazy XYZ Studioüî• | ‡§ï‡§ø‡§§‡§®‡§æ ‡§¨‡§®‡§æ ‡§π‡§Æ‡§æ‡§∞‡§æ ‡§®‡§Ø‡§æ ‡§∏‡•ç‡§ü‡•Ç‡§°‡§ø‡§Ø‡•ã?,2877122,215613,9232
2025-03-24,7,_EfZAOjo69U,Bade Bhaiya Humko FF Khelna Hai :  @arpitbaala ft. @TotalGaming093 | Free Fire MAX,10440954,363266,31742
2025-03-24,8,40p8cYtjB4Y,ATHAGAARINTIKI FULL SONG | MADEEN SK | BULLETBANDI LAXMAN | KITTU PAWAN | DILIP SAI SHIRISHA LAXMAN,1252917,63524,3227
2025-03-24,9,s-c4ozmAd94,Mahanadhi | 24th to 28th March 2025 - Promo,2829418,67269,880
2025-03-24,10,PGqltBCo6cU,L2E Empuraan Trailer (Malayalam) | Mohanlal | Prithviraj Sukumaran | Murali Gopy | March 27 Release,11145679,497354,38044
2025-03-24,11,0OA5UnEGCn0,NZ vs PAK 3rd T20I - Cricket Highlights | Pakistan Tour Of New Zealand 2025 | Prime Video India,1401532,16218,1386
2025-03-24,12,OU1iCjoe1cY,Aas Paas Episode 20 - [Eng Sub] - Laiba Khan - Ali Ansari - 21st March 2025 - HAR PAL GEO,9543608,211067,5303
2025-03-24,13,-Wn6ATx3r-4,L2E Empuraan Trailer Response Malayalam | Booking Crash,389677,19649,1543
2025-03-24,14,8Xat96lAv0Q,"One Rule, No Limits for the Lions | Kamal Haasan | Mani Ratnam | A.R. Rahman | Silambarasan | RKFI",757638,31817,495
2025-03-24,15,G1cMZ-1Uy8E,Can I make my Sister‚Äôs DREAM Birthday Cake?,736147,23656,3241
2025-03-24,1,9iF0gsHsgPQ,Aas Paas Episode 21 - [Eng Sub] - Laiba Khan - Ali Ansari - 22nd March 2025 - HAR PAL GEO,8077546,177715,3479
2025-03-24,2,yG2MoXdFB34,KANIMAA Lyrical Video - RETRO | Suriya | Karthik Subbaraj | Pooja Hegde | Santhosh Narayanan,12835803,261241,9379
2025-03-24,3,M5sPLXEar08,Siragadikka Aasai | 24th to 29th March 2025 - Promo,3712120,59757,2277
2025-03-24,4,isJgGyJS7zc,Pandian Stores 2 | 24th to 29th March 2025 - Promo,2908331,46914,233
2025-03-24,5,Kg9FZJ9XxBQ,NZ Vs PAK 3rd T20I | Cricket Highlights | Pakistan Tour Of New Zealand | 21st March 2025,3884490,53414,3721
2025-03-24,6,_EfZAOjo69U,Bade Bhaiya Humko FF Khelna Hai :  @arpitbaala ft. @TotalGaming093 | Free Fire MAX,10452905,364573,31860
2025-03-24,7,7XTCA8F5bdk,Our New Studio Tour- Crazy XYZ Studioüî• | ‡§ï‡§ø‡§§‡§®‡§æ ‡§¨‡§®‡§æ ‡§π‡§Æ‡§æ‡§∞‡§æ ‡§®‡§Ø‡§æ ‡§∏‡•ç‡§ü‡•Ç‡§°‡§ø‡§Ø‡•ã?,2884447,216488,9271
2025-03-24,8,40p8cYtjB4Y,ATHAGAARINTIKI FULL SONG | MADEEN SK | BULLETBANDI LAXMAN | KITTU PAWAN | DILIP SAI SHIRISHA LAXMAN,1262772,63900,3241
2025-03-24,9,s-c4ozmAd94,Mahanadhi | 24th to 28th March 2025 - Promo,2844325,67594,881
2025-03-24,10,PGqltBCo6cU,L2E Empuraan Trailer (Malayalam) | Mohanlal | Prithviraj Sukumaran | Murali Gopy | March 27 Release,11156031,497662,38059
2025-03-24,11,0OA5UnEGCn0,NZ vs PAK 3rd T20I - Cricket Highlights | Pakistan Tour Of New Zealand 2025 | Prime Video India,1402368,16226,1387
2025-03-24,12,OU1iCjoe1cY,Aas Paas Episode 20 - [Eng Sub] - Laiba Khan - Ali Ansari - 21st March 2025 - HAR PAL GEO,9561232,211300,5304
2025-03-24,13,-Wn6ATx3r-4,L2E Empuraan Trailer Response Malayalam | Booking Crash,390621,19706,1547
2025-03-24,14,8Xat96lAv0Q,"One Rule, No Limits for the Lions | Kamal Haasan | Mani Ratnam | A.R. Rahman | Silambarasan | RKFI",761936,32040,495
2025-03-24,15,G1cMZ-1Uy8E,Can I make my Sister‚Äôs DREAM Birthday Cake?,738381,23792,3256
2025-03-24,1,9iF0gsHsgPQ,Aas Paas Episode 21 - [Eng Sub] - Laiba Khan - Ali Ansari - 22nd March 2025 - HAR PAL GEO,8104733,178126,3486
2025-03-24,2,yG2MoXdFB34,KANIMAA Lyrical Video - RETRO | Suriya | Karthik Subbaraj | Pooja Hegde | Santhosh Narayanan,12853639,261640,9397
2025-03-24,3,isJgGyJS7zc,Pandian Stores 2 | 24th to 29th March 2025 - Promo,2921389,47138,233
2025-03-24,4,M5sPLXEar08,Siragadikka Aasai | 24th to 29th March 2025 - Promo,3726731,59986,2282
2025-03-24,5,Kg9FZJ9XxBQ,NZ Vs PAK 3rd T20I | Cricket Highlights | Pakistan Tour Of New Zealand | 21st March 2025,3886663,53435,3728
2025-03-24,6,_EfZAOjo69U,Bade Bhaiya Humko FF Khelna Hai :  @arpitbaala ft. @TotalGaming093 | Free Fire MAX,10463242,365528,31947
2025-03-24,7,40p8cYtjB4Y,ATHAGAARINTIKI FULL SONG | MADEEN SK | BULLETBANDI LAXMAN | KITTU PAWAN | DILIP SAI SHIRISHA LAXMAN,1273944,64193,3247
2025-03-24,8,7XTCA8F5bdk,Our New Studio Tour- Crazy XYZ Studioüî• | ‡§ï‡§ø‡§§‡§®‡§æ ‡§¨‡§®‡§æ ‡§π‡§Æ‡§æ‡§∞‡§æ ‡§®‡§Ø‡§æ ‡§∏‡•ç‡§ü‡•Ç‡§°‡§ø‡§Ø‡•ã?,2893179,217318,9296
2025-03-24,9,s-c4ozmAd94,Mahanadhi | 24th to 28th March 2025 - Promo,2855699,67804,886
2025-03-24,10,PGqltBCo6cU,L2E Empuraan Trailer (Malayalam) | Mohanlal | Prithviraj Sukumaran | Murali Gopy | March 27 Release,11167003,497919,38078
2025-03-24,11,0OA5UnEGCn0,NZ vs PAK 3rd T20I - Cricket Highlights | Pakistan Tour Of New Zealand 2025 | Prime Video India,1403082,16228,1387
2025-03-24,12,-Wn6ATx3r-4,L2E Empuraan Trailer Response Malayalam | Booking Crash,391307,19751,1550
2025-03-24,13,8Xat96lAv0Q,"One Rule, No Limits for the Lions | Kamal Haasan | Mani Ratnam | A.R. Rahman | Silambarasan | RKFI",766543,32196,499
2025-03-24,14,OU1iCjoe1cY,Aas Paas Episode 20 - [Eng Sub] - Laiba Khan - Ali Ansari - 21st March 2025 - HAR PAL GEO,9572180,211468,5303
2025-03-24,15,G1cMZ-1Uy8E,Can I make my Sister‚Äôs DREAM Birthday Cake?,741045,23920,3261
2025-03-24,1,BAk5ZCoTWY8,"SIKANDAR Official Trailer - Salman Khan, Rashmika | Sajid Nadiadwala | A.R. Murugadoss | 30th March",38352342,654586,54627
2025-03-24,2,NfsTxYtBiWg,Robinhood Official Trailer | Nithiin | Sreeleela | Venky Kudumula | GV Prakash | Mythri Movie Makers,6820948,101489,2766
2025-03-24,3,uiVeYpFsng0,WE MISS YOU ACHA üíî !!,1573210,90353,2835
2025-03-24,4,9iF0gsHsgPQ,Aas Paas Episode 21 - [Eng Sub] - Laiba Khan - Ali Ansari - 22nd March 2025 - HAR PAL GEO,8145648,178760,3499
2025-03-24,5,yG2MoXdFB34,KANIMAA Lyrical Video - RETRO | Suriya | Karthik Subbaraj | Pooja Hegde | Santhosh Narayanan,12882952,262151,9413
2025-03-24,6,M5sPLXEar08,Siragadikka Aasai | 24th to 29th March 2025 - Promo,3754529,60318,2291
2025-03-24,7,isJgGyJS7zc,Pandian Stores 2 | 24th to 29th March 2025 - Promo,2942967,47400,235
2025-03-24,8,Kg9FZJ9XxBQ,NZ Vs PAK 3rd T20I | Cricket Highlights | Pakistan Tour Of New Zealand | 21st March 2025,3890384,53464,3732
2025-03-24,9,CEX0ssGy1gw,"Sikandar Official Trailer | Salman Khan, Rashmika, Kajal | A R Murugadoss | Sajid N | Launch Event",526900,18411,799
2025-03-24,10,_EfZAOjo69U,Bade Bhaiya Humko FF Khelna Hai :  @arpitbaala ft. @TotalGaming093 | Free Fire MAX,10481373,366839,32049
2025-03-24,11,40p8cYtjB4Y,ATHAGAARINTIKI FULL SONG | MADEEN SK | BULLETBANDI LAXMAN | KITTU PAWAN | DILIP SAI SHIRISHA LAXMAN,1288712,64546,3259
2025-03-24,12,7XTCA8F5bdk,Our New Studio Tour- Crazy XYZ Studioüî• | ‡§ï‡§ø‡§§‡§®‡§æ ‡§¨‡§®‡§æ ‡§π‡§Æ‡§æ‡§∞‡§æ ‡§®‡§Ø‡§æ ‡§∏‡•ç‡§ü‡•Ç‡§°‡§ø‡§Ø‡•ã?,2906354,218587,9349
2025-03-24,13,s-c4ozmAd94,Mahanadhi | 24th to 28th March 2025 - Promo,2871087,68089,886
2025-03-24,14,xf-O1pnT5Hs,Train -The Unforgettable Journey | Stand up Comedy By Harsh Gujral,705708,40089,684
2025-03-24,15,PGqltBCo6cU,L2E Empuraan Trailer (Malayalam) | Mohanlal | Prithviraj Sukumaran | Murali Gopy | March 27 Release,11178309,498278,38094
2025-03-24,1,BAk5ZCoTWY8,"SIKANDAR Official Trailer - Salman Khan, Rashmika | Sajid Nadiadwala | A.R. Murugadoss | 30th March",39267684,686429,55829
2025-03-24,2,uiVeYpFsng0,WE MISS YOU ACHA üíî !!,1634031,92159,2894
2025-03-24,3,NfsTxYtBiWg,Robinhood Official Trailer | Nithiin | Sreeleela | Venky Kudumula | GV Prakash | Mythri Movie Makers,7057301,123935,2888
2025-03-24,4,9iF0gsHsgPQ,Aas Paas Episode 21 - [Eng Sub] - Laiba Khan - Ali Ansari - 22nd March 2025 - HAR PAL GEO,8204402,179600,3510
2025-03-24,5,yG2MoXdFB34,KANIMAA Lyrical Video - RETRO | Suriya | Karthik Subbaraj | Pooja Hegde | Santhosh Narayanan,12917038,262760,9430
2025-03-24,6,M5sPLXEar08,Siragadikka Aasai | 24th to 29th March 2025 - Promo,3800573,60630,2301
2025-03-24,7,isJgGyJS7zc,Pandian Stores 2 | 24th to 29th March 2025 - Promo,2972706,47668,236
2025-03-24,8,Kg9FZJ9XxBQ,NZ Vs PAK 3rd T20I | Cricket Highlights | Pakistan Tour Of New Zealand | 21st March 2025,3895442,53475,3745
2025-03-24,9,CEX0ssGy1gw,"Sikandar Official Trailer | Salman Khan, Rashmika, Kajal | A R Murugadoss | Sajid N | Launch Event",542674,18702,829
2025-03-24,10,40p8cYtjB4Y,ATHAGAARINTIKI FULL SONG | MADEEN SK | BULLETBANDI LAXMAN | KITTU PAWAN | DILIP SAI SHIRISHA LAXMAN,1310435,64967,3285
2025-03-24,11,_EfZAOjo69U,Bade Bhaiya Humko FF Khelna Hai :  @arpitbaala ft. @TotalGaming093 | Free Fire MAX,10507305,368282,32218
2025-03-24,12,7XTCA8F5bdk,Our New Studio Tour- Crazy XYZ Studioüî• | ‡§ï‡§ø‡§§‡§®‡§æ ‡§¨‡§®‡§æ ‡§π‡§Æ‡§æ‡§∞‡§æ ‡§®‡§Ø‡§æ ‡§∏‡•ç‡§ü‡•Ç‡§°‡§ø‡§Ø‡•ã?,2930321,220037,9409
2025-03-24,13,s-c4ozmAd94,Mahanadhi | 24th to 28th March 2025 - Promo,2897198,68372,889
2025-03-24,14,xf-O1pnT5Hs,Train -The Unforgettable Journey | Stand up Comedy By Harsh Gujral,739803,41667,706
2025-03-24,15,PGqltBCo6cU,L2E Empuraan Trailer (Malayalam) | Mohanlal | Prithviraj Sukumaran | Murali Gopy | March 27 Release,11201362,498715,38133
2025-03-24,1,BAk5ZCoTWY8,"SIKANDAR Official Trailer - Salman Khan, Rashmika | Sajid Nadiadwala | A.R. Murugadoss | 30th March",39690245,710406,56945
2025-03-24,2,uiVeYpFsng0,WE MISS YOU ACHA üíî !!,1675942,93806,2932
2025-03-24,3,NfsTxYtBiWg,Robinhood Official Trailer | Nithiin | Sreeleela | Venky Kudumula | GV Prakash | Mythri Movie Makers,7570299,135153,2993
2025-03-24,4,9iF0gsHsgPQ,Aas Paas Episode 21 - [Eng Sub] - Laiba Khan - Ali Ansari - 22nd March 2025 - HAR PAL GEO,8254516,180376,3523
2025-03-24,5,yG2MoXdFB34,KANIMAA Lyrical Video - RETRO | Suriya | Karthik Subbaraj | Pooja Hegde | Santhosh Narayanan,12944115,263300,9440
2025-03-24,6,M5sPLXEar08,Siragadikka Aasai | 24th to 29th March 2025 - Promo,3829933,60838,2312
2025-03-24,7,isJgGyJS7zc,Pandian Stores 2 | 24th to 29th March 2025 - Promo,2997260,47842,239
2025-03-24,8,Kg9FZJ9XxBQ,NZ Vs PAK 3rd T20I | Cricket Highlights | Pakistan Tour Of New Zealand | 21st March 2025,3898090,53489,3750
2025-03-24,9,CEX0ssGy1gw,"Sikandar Official Trailer | Salman Khan, Rashmika, Kajal | A R Murugadoss | Sajid N | Launch Event",554988,18945,838
2025-03-24,10,40p8cYtjB4Y,ATHAGAARINTIKI FULL SONG | MADEEN SK | BULLETBANDI LAXMAN | KITTU PAWAN | DILIP SAI SHIRISHA LAXMAN,1325054,65347,3311
2025-03-24,11,_EfZAOjo69U,Bade Bhaiya Humko FF Khelna Hai :  @arpitbaala ft. @TotalGaming093 | Free Fire MAX,10525715,369590,32350
2025-03-24,12,7XTCA8F5bdk,Our New Studio Tour- Crazy XYZ Studioüî• | ‡§ï‡§ø‡§§‡§®‡§æ ‡§¨‡§®‡§æ ‡§π‡§Æ‡§æ‡§∞‡§æ ‡§®‡§Ø‡§æ ‡§∏‡•ç‡§ü‡•Ç‡§°‡§ø‡§Ø‡•ã?,2950117,221475,9468
2025-03-24,13,s-c4ozmAd94,Mahanadhi | 24th to 28th March 2025 - Promo,2914802,68581,889
2025-03-24,14,xf-O1pnT5Hs,Train -The Unforgettable Journey | Stand up Comedy By Harsh Gujral,765852,43040,733
2025-03-24,15,PGqltBCo6cU,L2E Empuraan Trailer (Malayalam) | Mohanlal | Prithviraj Sukumaran | Murali Gopy | March 27 Release,11218117,499140,38152
2025-03-24,1,BAk5ZCoTWY8,"SIKANDAR Official Trailer - Salman Khan, Rashmika | Sajid Nadiadwala | A.R. Murugadoss | 30th March",40416781,733308,58072
2025-03-24,2,uiVeYpFsng0,WE MISS YOU ACHA üíî !!,1735512,95702,2993
2025-03-24,3,NfsTxYtBiWg,Robinhood Official Trailer | Nithiin | Sreeleela | Venky Kudumula | GV Prakash | Mythri Movie Makers,8717072,158372,3124
2025-03-24,4,9iF0gsHsgPQ,Aas Paas Episode 21 - [Eng Sub] - Laiba Khan - Ali Ansari - 22nd March 2025 - HAR PAL GEO,8324671,181230,3542
2025-03-24,5,yG2MoXdFB34,KANIMAA Lyrical Video - RETRO | Suriya | Karthik Subbaraj | Pooja Hegde | Santhosh Narayanan,12977060,263937,9453
2025-03-24,6,M5sPLXEar08,Siragadikka Aasai | 24th to 29th March 2025 - Promo,3869800,61128,2322
2025-03-24,7,isJgGyJS7zc,Pandian Stores 2 | 24th to 29th March 2025 - Promo,3024266,48019,241
2025-03-24,8,CEX0ssGy1gw,"Sikandar Official Trailer | Salman Khan, Rashmika, Kajal | A R Murugadoss | Sajid N | Launch Event",569784,19152,845
2025-03-24,9,Kg9FZJ9XxBQ,NZ Vs PAK 3rd T20I | Cricket Highlights | Pakistan Tour Of New Zealand | 21st March 2025,3902252,53501,3779
2025-03-24,10,40p8cYtjB4Y,ATHAGAARINTIKI FULL SONG | MADEEN SK | BULLETBANDI LAXMAN | KITTU PAWAN | DILIP SAI SHIRISHA LAXMAN,1347645,65712,3330
2025-03-24,11,_EfZAOjo69U,Bade Bhaiya Humko FF Khelna Hai :  @arpitbaala ft. @TotalGaming093 | Free Fire MAX,10554612,371090,32493
2025-03-24,12,7XTCA8F5bdk,Our New Studio Tour- Crazy XYZ Studioüî• | ‡§ï‡§ø‡§§‡§®‡§æ ‡§¨‡§®‡§æ ‡§π‡§Æ‡§æ‡§∞‡§æ ‡§®‡§Ø‡§æ ‡§∏‡•ç‡§ü‡•Ç‡§°‡§ø‡§Ø‡•ã?,2983073,223392,9532
2025-03-24,13,s-c4ozmAd94,Mahanadhi | 24th to 28th March 2025 - Promo,2937367,68816,893
2025-03-24,14,xf-O1pnT5Hs,Train -The Unforgettable Journey | Stand up Comedy By Harsh Gujral,806049,44876,761
2025-03-24,15,PGqltBCo6cU,L2E Empuraan Trailer (Malayalam) | Mohanlal | Prithviraj Sukumaran | Murali Gopy | March 27 Release,11246267,499641,38183
2025-03-24,1,BAk5ZCoTWY8,"SIKANDAR Official Trailer - Salman Khan, Rashmika | Sajid Nadiadwala | A.R. Murugadoss | 30th March",41644035,749744,59114
2025-03-24,2,uiVeYpFsng0,WE MISS YOU ACHA üíî !!,1786749,97140,3042
2025-03-24,3,NfsTxYtBiWg,Robinhood Official Trailer | Nithiin | Sreeleela | Venky Kudumula | GV Prakash | Mythri Movie Makers,9481903,174573,3223
2025-03-24,4,9iF0gsHsgPQ,Aas Paas Episode 21 - [Eng Sub] - Laiba Khan - Ali Ansari - 22nd March 2025 - HAR PAL GEO,8401687,182064,3552
2025-03-24,5,yG2MoXdFB34,KANIMAA Lyrical Video - RETRO | Suriya | Karthik Subbaraj | Pooja Hegde | Santhosh Narayanan,13010358,264487,9472
2025-03-24,6,M5sPLXEar08,Siragadikka Aasai | 24th to 29th March 2025 - Promo,3904142,61372,2335
2025-03-24,7,isJgGyJS7zc,Pandian Stores 2 | 24th to 29th March 2025 - Promo,3048404,48185,243
2025-03-24,8,CEX0ssGy1gw,"Sikandar Official Trailer | Salman Khan, Rashmika, Kajal | A R Murugadoss | Sajid N | Launch Event",582365,19352,858
2025-03-24,9,Kg9FZJ9XxBQ,NZ Vs PAK 3rd T20I | Cricket Highlights | Pakistan Tour Of New Zealand | 21st March 2025,3905665,53522,3790
2025-03-24,10,40p8cYtjB4Y,ATHAGAARINTIKI FULL SONG | MADEEN SK | BULLETBANDI LAXMAN | KITTU PAWAN | DILIP SAI SHIRISHA LAXMAN,1368124,66101,3348
2025-03-24,11,_EfZAOjo69U,Bade Bhaiya Humko FF Khelna Hai :  @arpitbaala ft. @TotalGaming093 | Free Fire MAX,10580810,372407,32614
2025-03-24,12,7XTCA8F5bdk,Our New Studio Tour- Crazy XYZ Studioüî• | ‡§ï‡§ø‡§§‡§®‡§æ ‡§¨‡§®‡§æ ‡§π‡§Æ‡§æ‡§∞‡§æ ‡§®‡§Ø‡§æ ‡§∏‡•ç‡§ü‡•Ç‡§°‡§ø‡§Ø‡•ã?,3018066,225025,9619
2025-03-24,13,s-c4ozmAd94,Mahanadhi | 24th to 28th March 2025 - Promo,2955826,69012,896
2025-03-24,14,xf-O1pnT5Hs,Train -The Unforgettable Journey | Stand up Comedy By Harsh Gujral,843921,46529,772
2025-03-24,15,PGqltBCo6cU,L2E Empuraan Trailer (Malayalam) | Mohanlal | Prithviraj Sukumaran | Murali Gopy | March 27 Release,11274187,500079,38221
2025-03-24,1,BAk5ZCoTWY8,"SIKANDAR Official Trailer - Salman Khan, Rashmika | Sajid Nadiadwala | A.R. Murugadoss | 30th March",43358429,767073,60352
2025-03-24,2,uiVeYpFsng0,WE MISS YOU ACHA üíî !!,1838048,98310,3088
2025-03-24,3,NfsTxYtBiWg,Robinhood Official Trailer | Nithiin | Sreeleela | Venky Kudumula | GV Prakash | Mythri Movie Makers,10160259,188022,3349
2025-03-24,4,9iF0gsHsgPQ,Aas Paas Episode 21 - [Eng Sub] - Laiba Khan - Ali Ansari - 22nd March 2025 - HAR PAL GEO,8471939,182876,3578
2025-03-24,5,yG2MoXdFB34,KANIMAA Lyrical Video - RETRO | Suriya | Karthik Subbaraj | Pooja Hegde | Santhosh Narayanan,13040119,264990,9485
2025-03-24,6,M5sPLXEar08,Siragadikka Aasai | 24th to 29th March 2025 - Promo,3938187,61560,2340
2025-03-24,7,isJgGyJS7zc,Pandian Stores 2 | 24th to 29th March 2025 - Promo,3068423,48340,245
2025-03-24,8,CEX0ssGy1gw,"Sikandar Official Trailer | Salman Khan, Rashmika, Kajal | A R Murugadoss | Sajid N | Launch Event",592201,19564,868
2025-03-24,9,Kg9FZJ9XxBQ,NZ Vs PAK 3rd T20I | Cricket Highlights | Pakistan Tour Of New Zealand | 21st March 2025,3909148,53530,3796
2025-03-24,10,40p8cYtjB4Y,ATHAGAARINTIKI FULL SONG | MADEEN SK | BULLETBANDI LAXMAN | KITTU PAWAN | DILIP SAI SHIRISHA LAXMAN,1384532,66496,3365
2025-03-24,11,_EfZAOjo69U,Bade Bhaiya Humko FF Khelna Hai :  @arpitbaala ft. @TotalGaming093 | Free Fire MAX,10604767,373495,32733
2025-03-24,12,7XTCA8F5bdk,Our New Studio Tour- Crazy XYZ Studioüî• | ‡§ï‡§ø‡§§‡§®‡§æ ‡§¨‡§®‡§æ ‡§π‡§Æ‡§æ‡§∞‡§æ ‡§®‡§Ø‡§æ ‡§∏‡•ç‡§ü‡•Ç‡§°‡§ø‡§Ø‡•ã?,3052314,226486,9688
2025-03-24,13,s-c4ozmAd94,Mahanadhi | 24th to 28th March 2025 - Promo,2969037,69142,896
2025-03-24,14,xf-O1pnT5Hs,Train -The Unforgettable Journey | Stand up Comedy By Harsh Gujral,888067,48073,801
2025-03-24,15,CvS-2qzYuVQ,Giving Her My Credit Card was a BIG MISTAKE ü§ëüò≠,783814,42504,1931
2025-03-24,1,BAk5ZCoTWY8,"SIKANDAR Official Trailer - Salman Khan, Rashmika | Sajid Nadiadwala | A.R. Murugadoss | 30th March",46012649,774898,61588
2025-03-24,2,NfsTxYtBiWg,Robinhood Official Trailer | Nithiin | Sreeleela | Venky Kudumula | GV Prakash | Mythri Movie Makers,10720901,195853,3507
2025-03-24,3,uiVeYpFsng0,WE MISS YOU ACHA üíî !!,1884069,98918,3110
2025-03-24,4,9iF0gsHsgPQ,Aas Paas Episode 21 - [Eng Sub] - Laiba Khan - Ali Ansari - 22nd March 2025 - HAR PAL GEO,8532703,183328,3593
2025-03-24,5,yG2MoXdFB34,KANIMAA Lyrical Video - RETRO | Suriya | Karthik Subbaraj | Pooja Hegde | Santhosh Narayanan,13065607,265423,9498
2025-03-24,6,M5sPLXEar08,Siragadikka Aasai | 24th to 29th March 2025 - Promo,3971262,61670,2353
2025-03-24,7,nAQMgen0sX0,"Suma Adda | Game Show| ""MAD Square"" Movie Team-Kalyan Shankar,Anudeep KV | Full Epi |16th March 2025",1379947,32525,356
2025-03-24,8,isJgGyJS7zc,Pandian Stores 2 | 24th to 29th March 2025 - Promo,3087128,48373,246
2025-03-24,9,CEX0ssGy1gw,"Sikandar Official Trailer | Salman Khan, Rashmika, Kajal | A R Murugadoss | Sajid N | Launch Event",601613,19703,877
2025-03-24,10,Kg9FZJ9XxBQ,NZ Vs PAK 3rd T20I | Cricket Highlights | Pakistan Tour Of New Zealand | 21st March 2025,3912249,53536,3795
2025-03-24,11,40p8cYtjB4Y,ATHAGAARINTIKI FULL SONG | MADEEN SK | BULLETBANDI LAXMAN | KITTU PAWAN | DILIP SAI SHIRISHA LAXMAN,1402260,66871,3384
2025-03-24,12,CvS-2qzYuVQ,Giving Her My Credit Card was a BIG MISTAKE ü§ëüò≠,859878,44184,1994
2025-03-24,13,_EfZAOjo69U,Bade Bhaiya Humko FF Khelna Hai :  @arpitbaala ft. @TotalGaming093 | Free Fire MAX,10626959,374229,32833
2025-03-24,14,7XTCA8F5bdk,Our New Studio Tour- Crazy XYZ Studioüî• | ‡§ï‡§ø‡§§‡§®‡§æ ‡§¨‡§®‡§æ ‡§π‡§Æ‡§æ‡§∞‡§æ ‡§®‡§Ø‡§æ ‡§∏‡•ç‡§ü‡•Ç‡§°‡§ø‡§Ø‡•ã?,3080223,227493,9731
2025-03-24,15,xf-O1pnT5Hs,Train -The Unforgettable Journey | Stand up Comedy By Harsh Gujral,927039,49354,828
2025-03-24,1,BAk5ZCoTWY8,"SIKANDAR Official Trailer - Salman Khan, Rashmika | Sajid Nadiadwala | A.R. Murugadoss | 30th March",49279300,782344,62814
2025-03-24,2,NfsTxYtBiWg,Robinhood Official Trailer | Nithiin | Sreeleela | Venky Kudumula | GV Prakash | Mythri Movie Makers,10880843,203448,3673
2025-03-24,3,uiVeYpFsng0,WE MISS YOU ACHA üíî !!,1934795,100117,3129
2025-03-24,4,9iF0gsHsgPQ,Aas Paas Episode 21 - [Eng Sub] - Laiba Khan - Ali Ansari - 22nd March 2025 - HAR PAL GEO,8620345,183989,3605
2025-03-24,5,yG2MoXdFB34,KANIMAA Lyrical Video - RETRO | Suriya | Karthik Subbaraj | Pooja Hegde | Santhosh Narayanan,13103059,266103,9509
2025-03-24,6,M5sPLXEar08,Siragadikka Aasai | 24th to 29th March 2025 - Promo,4014908,61899,2356
2025-03-24,7,nAQMgen0sX0,"Suma Adda | Game Show| ""MAD Square"" Movie Team-Kalyan Shankar,Anudeep KV | Full Epi |16th March 2025",1488164,34075,367
2025-03-24,8,isJgGyJS7zc,Pandian Stores 2 | 24th to 29th March 2025 - Promo,3113816,48533,247
2025-03-24,9,CvS-2qzYuVQ,Giving Her My Credit Card was a BIG MISTAKE ü§ëüò≠,945834,45905,2048
2025-03-24,10,CEX0ssGy1gw,"Sikandar Official Trailer | Salman Khan, Rashmika, Kajal | A R Murugadoss | Sajid N | Launch Event",615099,19901,884
2025-03-24,11,40p8cYtjB4Y,ATHAGAARINTIKI FULL SONG | MADEEN SK | BULLETBANDI LAXMAN | KITTU PAWAN | DILIP SAI SHIRISHA LAXMAN,1426345,67351,3405
2025-03-24,12,Kg9FZJ9XxBQ,NZ Vs PAK 3rd T20I | Cricket Highlights | Pakistan Tour Of New Zealand | 21st March 2025,3915357,53542,3799
2025-03-24,13,xf-O1pnT5Hs,Train -The Unforgettable Journey | Stand up Comedy By Harsh Gujral,978416,50868,861
2025-03-24,14,_EfZAOjo69U,Bade Bhaiya Humko FF Khelna Hai :  @arpitbaala ft. @TotalGaming093 | Free Fire MAX,10647280,375417,32935
2025-03-24,15,7XTCA8F5bdk,Our New Studio Tour- Crazy XYZ Studioüî• | ‡§ï‡§ø‡§§‡§®‡§æ ‡§¨‡§®‡§æ ‡§π‡§Æ‡§æ‡§∞‡§æ ‡§®‡§Ø‡§æ ‡§∏‡•ç‡§ü‡•Ç‡§°‡§ø‡§Ø‡•ã?,3114969,228502,9775
2025-03-24,1,BAk5ZCoTWY8,"SIKANDAR Official Trailer - Salman Khan, Rashmika | Sajid Nadiadwala | A.R. Murugadoss | 30th March",50690437,789096,63579
2025-03-24,2,uiVeYpFsng0,WE MISS YOU ACHA üíî !!,1967239,101083,3146
2025-03-24,3,NfsTxYtBiWg,Robinhood Official Trailer | Nithiin | Sreeleela | Venky Kudumula | GV Prakash | Mythri Movie Makers,10984278,206367,3799
2025-03-24,4,9iF0gsHsgPQ,Aas Paas Episode 21 - [Eng Sub] - Laiba Khan - Ali Ansari - 22nd March 2025 - HAR PAL GEO,8684668,184403,3608
2025-03-24,5,yG2MoXdFB34,KANIMAA Lyrical Video - RETRO | Suriya | Karthik Subbaraj | Pooja Hegde | Santhosh Narayanan,13137617,266859,9535
2025-03-24,6,M5sPLXEar08,Siragadikka Aasai | 24th to 29th March 2025 - Promo,4043444,62101,2359
2025-03-24,7,CvS-2qzYuVQ,Giving Her My Credit Card was a BIG MISTAKE ü§ëüò≠,999321,47262,2084
2025-03-24,8,isJgGyJS7zc,Pandian Stores 2 | 24th to 29th March 2025 - Promo,3132525,48667,249
2025-03-24,9,CEX0ssGy1gw,"Sikandar Official Trailer | Salman Khan, Rashmika, Kajal | A R Murugadoss | Sajid N | Launch Event",625471,20028,889
2025-03-24,10,nAQMgen0sX0,"Suma Adda | Game Show| ""MAD Square"" Movie Team-Kalyan Shankar,Anudeep KV | Full Epi |16th March 2025",1567968,35456,375
2025-03-24,11,40p8cYtjB4Y,ATHAGAARINTIKI FULL SONG | MADEEN SK | BULLETBANDI LAXMAN | KITTU PAWAN | DILIP SAI SHIRISHA LAXMAN,1446891,67764,3429
2025-03-24,12,xf-O1pnT5Hs,Train -The Unforgettable Journey | Stand up Comedy By Harsh Gujral,1016312,52128,887
2025-03-24,13,Kg9FZJ9XxBQ,NZ Vs PAK 3rd T20I | Cricket Highlights | Pakistan Tour Of New Zealand | 21st March 2025,3917542,53552,3800
2025-03-24,14,_EfZAOjo69U,Bade Bhaiya Humko FF Khelna Hai :  @arpitbaala ft. @TotalGaming093 | Free Fire MAX,10665914,376462,33010
2025-03-24,15,7XTCA8F5bdk,Our New Studio Tour- Crazy XYZ Studioüî• | ‡§ï‡§ø‡§§‡§®‡§æ ‡§¨‡§®‡§æ ‡§π‡§Æ‡§æ‡§∞‡§æ ‡§®‡§Ø‡§æ ‡§∏‡•ç‡§ü‡•Ç‡§°‡§ø‡§Ø‡•ã?,3138736,229325,9808
2025-03-24,1,BAk5ZCoTWY8,"SIKANDAR Official Trailer - Salman Khan, Rashmika | Sajid Nadiadwala | A.R. Murugadoss | 30th March",50887678,794480,64149
2025-03-24,2,uiVeYpFsng0,WE MISS YOU ACHA üíî !!,1987449,101791,3156
2025-03-24,3,NfsTxYtBiWg,Robinhood Official Trailer | Nithiin | Sreeleela | Venky Kudumula | GV Prakash | Mythri Movie Makers,11056141,208430,3926
2025-03-24,4,9iF0gsHsgPQ,Aas Paas Episode 21 - [Eng Sub] - Laiba Khan - Ali Ansari - 22nd March 2025 - HAR PAL GEO,8721022,184805,3610
2025-03-24,5,yG2MoXdFB34,KANIMAA Lyrical Video - RETRO | Suriya | Karthik Subbaraj | Pooja Hegde | Santhosh Narayanan,13165673,267470,9546
2025-03-24,6,M5sPLXEar08,Siragadikka Aasai | 24th to 29th March 2025 - Promo,4061401,62261,2360
2025-03-24,7,CvS-2qzYuVQ,Giving Her My Credit Card was a BIG MISTAKE ü§ëüò≠,1032749,48283,2112
2025-03-24,8,isJgGyJS7zc,Pandian Stores 2 | 24th to 29th March 2025 - Promo,3143815,48742,250
2025-03-24,9,CEX0ssGy1gw,"Sikandar Official Trailer | Salman Khan, Rashmika, Kajal | A R Murugadoss | Sajid N | Launch Event",631102,20141,895
2025-03-24,10,40p8cYtjB4Y,ATHAGAARINTIKI FULL SONG | MADEEN SK | BULLETBANDI LAXMAN | KITTU PAWAN | DILIP SAI SHIRISHA LAXMAN,1462176,68088,3444
2025-03-24,11,xf-O1pnT5Hs,Train -The Unforgettable Journey | Stand up Comedy By Harsh Gujral,1041028,53115,906
2025-03-24,12,_EfZAOjo69U,Bade Bhaiya Humko FF Khelna Hai :  @arpitbaala ft. @TotalGaming093 | Free Fire MAX,10677643,377280,33071
2025-03-24,13,7XTCA8F5bdk,Our New Studio Tour- Crazy XYZ Studioüî• | ‡§ï‡§ø‡§§‡§®‡§æ ‡§¨‡§®‡§æ ‡§π‡§Æ‡§æ‡§∞‡§æ ‡§®‡§Ø‡§æ ‡§∏‡•ç‡§ü‡•Ç‡§°‡§ø‡§Ø‡•ã?,3151193,230074,9836
2025-03-24,14,Kg9FZJ9XxBQ,NZ Vs PAK 3rd T20I | Cricket Highlights | Pakistan Tour Of New Zealand | 21st March 2025,3918899,53553,3800
2025-03-24,15,s-c4ozmAd94,Mahanadhi | 24th to 28th March 2025 - Promo,3020900,69507,899
2025-03-24,1,BAk5ZCoTWY8,"SIKANDAR Official Trailer - Salman Khan, Rashmika | Sajid Nadiadwala | A.R. Murugadoss | 30th March",51135395,800483,64721
2025-03-24,2,uiVeYpFsng0,WE MISS YOU ACHA üíî !!,2011591,102705,3183
2025-03-24,3,NfsTxYtBiWg,Robinhood Official Trailer | Nithiin | Sreeleela | Venky Kudumula | GV Prakash | Mythri Movie Makers,11150080,210333,4016
2025-03-24,4,9iF0gsHsgPQ,Aas Paas Episode 21 - [Eng Sub] - Laiba Khan - Ali Ansari - 22nd March 2025 - HAR PAL GEO,8758739,185578,3621
2025-03-24,5,yG2MoXdFB34,KANIMAA Lyrical Video - RETRO | Suriya | Karthik Subbaraj | Pooja Hegde | Santhosh Narayanan,13204810,268160,9650
2025-03-24,6,M5sPLXEar08,Siragadikka Aasai | 24th to 29th March 2025 - Promo,4083976,62413,2366
2025-03-24,7,nAQMgen0sX0,"Suma Adda | Game Show| ""MAD Square"" Movie Team-Kalyan Shankar,Anudeep KV | Full Epi |16th March 2025",1694225,37699,395
2025-03-24,8,CvS-2qzYuVQ,Giving Her My Credit Card was a BIG MISTAKE ü§ëüò≠,1075697,49537,2159
2025-03-24,9,isJgGyJS7zc,Pandian Stores 2 | 24th to 29th March 2025 - Promo,3156113,48865,250
2025-03-24,10,xf-O1pnT5Hs,Train -The Unforgettable Journey | Stand up Comedy By Harsh Gujral,1074496,54427,937
2025-03-24,11,CEX0ssGy1gw,"Sikandar Official Trailer | Salman Khan, Rashmika, Kajal | A R Murugadoss | Sajid N | Launch Event",638687,20277,896
2025-03-24,12,40p8cYtjB4Y,ATHAGAARINTIKI FULL SONG | MADEEN SK | BULLETBANDI LAXMAN | KITTU PAWAN | DILIP SAI SHIRISHA LAXMAN,1483773,68497,3459
2025-03-24,13,_EfZAOjo69U,Bade Bhaiya Humko FF Khelna Hai :  @arpitbaala ft. @TotalGaming093 | Free Fire MAX,10694332,378288,33180
2025-03-24,14,7XTCA8F5bdk,Our New Studio Tour- Crazy XYZ Studioüî• | ‡§ï‡§ø‡§§‡§®‡§æ ‡§¨‡§®‡§æ ‡§π‡§Æ‡§æ‡§∞‡§æ ‡§®‡§Ø‡§æ ‡§∏‡•ç‡§ü‡•Ç‡§°‡§ø‡§Ø‡•ã?,3169401,231199,9881
2025-03-24,15,s-c4ozmAd94,Mahanadhi | 24th to 28th March 2025 - Promo,3028760,69585,902
2025-03-24,1,BAk5ZCoTWY8,"SIKANDAR Official Trailer - Salman Khan, Rashmika | Sajid Nadiadwala | A.R. Murugadoss | 30th March",51381404,807494,65464
2025-03-24,2,NfsTxYtBiWg,Robinhood Official Trailer | Nithiin | Sreeleela | Venky Kudumula | GV Prakash | Mythri Movie Makers,11230971,212713,4162
2025-03-24,3,uiVeYpFsng0,WE MISS YOU ACHA üíî !!,2035749,103739,3208
2025-03-24,4,9iF0gsHsgPQ,Aas Paas Episode 21 - [Eng Sub] - Laiba Khan - Ali Ansari - 22nd March 2025 - HAR PAL GEO,8805866,186573,3626
2025-03-24,5,yG2MoXdFB34,KANIMAA Lyrical Video - RETRO | Suriya | Karthik Subbaraj | Pooja Hegde | Santhosh Narayanan,13241541,269019,9663
2025-03-24,6,nAQMgen0sX0,"Suma Adda | Game Show| ""MAD Square"" Movie Team-Kalyan Shankar,Anudeep KV | Full Epi |16th March 2025",1772304,39441,410
2025-03-24,7,M5sPLXEar08,Siragadikka Aasai | 24th to 29th March 2025 - Promo,4106057,62605,2374
2025-03-24,8,CvS-2qzYuVQ,Giving Her My Credit Card was a BIG MISTAKE ü§ëüò≠,1116514,50764,2232
2025-03-24,9,xf-O1pnT5Hs,Train -The Unforgettable Journey | Stand up Comedy By Harsh Gujral,1108904,56294,979
2025-03-24,10,CEX0ssGy1gw,"Sikandar Official Trailer | Salman Khan, Rashmika, Kajal | A R Murugadoss | Sajid N | Launch Event",647506,20452,906
2025-03-24,11,isJgGyJS7zc,Pandian Stores 2 | 24th to 29th March 2025 - Promo,3168514,48991,250
2025-03-24,12,40p8cYtjB4Y,ATHAGAARINTIKI FULL SONG | MADEEN SK | BULLETBANDI LAXMAN | KITTU PAWAN | DILIP SAI SHIRISHA LAXMAN,1505181,69025,3479
2025-03-24,13,_EfZAOjo69U,Bade Bhaiya Humko FF Khelna Hai :  @arpitbaala ft. @TotalGaming093 | Free Fire MAX,10710371,379531,33249
2025-03-24,14,7XTCA8F5bdk,Our New Studio Tour- Crazy XYZ Studioüî• | ‡§ï‡§ø‡§§‡§®‡§æ ‡§¨‡§®‡§æ ‡§π‡§Æ‡§æ‡§∞‡§æ ‡§®‡§Ø‡§æ ‡§∏‡•ç‡§ü‡•Ç‡§°‡§ø‡§Ø‡•ã?,3191170,232777,9919
2025-03-24,15,Nq9af5L8giY,ICE CREAM BIRYANI | Yummy Ice Cream Biryani Recipe | Cooking in Village,359442,20791,844
2025-03-24,1,BAk5ZCoTWY8,"SIKANDAR Official Trailer - Salman Khan, Rashmika | Sajid Nadiadwala | A.R. Murugadoss | 30th March",51685404,813844,66122
2025-03-24,2,uiVeYpFsng0,WE MISS YOU ACHA üíî !!,2065923,104548,3232
2025-03-24,3,9iF0gsHsgPQ,Aas Paas Episode 21 - [Eng Sub] - Laiba Khan - Ali Ansari - 22nd March 2025 - HAR PAL GEO,8892175,187485,3643
2025-03-24,4,yG2MoXdFB34,KANIMAA Lyrical Video - RETRO | Suriya | Karthik Subbaraj | Pooja Hegde | Santhosh Narayanan,13282635,269783,9686
2025-03-24,5,nAQMgen0sX0,"Suma Adda | Game Show| ""MAD Square"" Movie Team-Kalyan Shankar,Anudeep KV | Full Epi |16th March 2025",1862248,41009,421
2025-03-24,6,NfsTxYtBiWg,Robinhood Official Trailer | Nithiin | Sreeleela | Venky Kudumula | GV Prakash | Mythri Movie Makers,11329859,214853,4241
2025-03-24,7,M5sPLXEar08,Siragadikka Aasai | 24th to 29th March 2025 - Promo,4130779,62770,2381
2025-03-24,8,CvS-2qzYuVQ,Giving Her My Credit Card was a BIG MISTAKE ü§ëüò≠,1161227,51784,2274
2025-03-24,9,xf-O1pnT5Hs,Train -The Unforgettable Journey | Stand up Comedy By Harsh Gujral,1152673,58250,1002
2025-03-24,10,isJgGyJS7zc,Pandian Stores 2 | 24th to 29th March 2025 - Promo,3183609,49083,251
2025-03-24,11,CEX0ssGy1gw,"Sikandar Official Trailer | Salman Khan, Rashmika, Kajal | A R Murugadoss | Sajid N | Launch Event",656826,20640,917
2025-03-24,12,40p8cYtjB4Y,ATHAGAARINTIKI FULL SONG | MADEEN SK | BULLETBANDI LAXMAN | KITTU PAWAN | DILIP SAI SHIRISHA LAXMAN,1527084,69518,3505
2025-03-24,13,_EfZAOjo69U,Bade Bhaiya Humko FF Khelna Hai :  @arpitbaala ft. @TotalGaming093 | Free Fire MAX,10730585,380498,33325
2025-03-24,14,7XTCA8F5bdk,Our New Studio Tour- Crazy XYZ Studioüî• | ‡§ï‡§ø‡§§‡§®‡§æ ‡§¨‡§®‡§æ ‡§π‡§Æ‡§æ‡§∞‡§æ ‡§®‡§Ø‡§æ ‡§∏‡•ç‡§ü‡•Ç‡§°‡§ø‡§Ø‡•ã?,3218927,234095,9954
2025-03-24,15,Nq9af5L8giY,ICE CREAM BIRYANI | Yummy Ice Cream Biryani Recipe | Cooking in Village,370134,21305,865
2025-03-24,1,BAk5ZCoTWY8,"SIKANDAR Official Trailer - Salman Khan, Rashmika | Sajid Nadiadwala | A.R. Murugadoss | 30th March",52012417,819854,66689
2025-03-24,2,uiVeYpFsng0,WE MISS YOU ACHA üíî !!,2098034,105272,3247
2025-03-24,3,nAQMgen0sX0,"Suma Adda | Game Show| ""MAD Square"" Movie Team-Kalyan Shankar,Anudeep KV | Full Epi |16th March 2025",1978286,42216,431
2025-03-24,4,9iF0gsHsgPQ,Aas Paas Episode 21 - [Eng Sub] - Laiba Khan - Ali Ansari - 22nd March 2025 - HAR PAL GEO,8974502,188303,3665
2025-03-24,5,yG2MoXdFB34,KANIMAA Lyrical Video - RETRO | Suriya | Karthik Subbaraj | Pooja Hegde | Santhosh Narayanan,13330474,270527,9699
2025-03-24,6,M5sPLXEar08,Siragadikka Aasai | 24th to 29th March 2025 - Promo,4158811,62885,2386
2025-03-24,7,NfsTxYtBiWg,Robinhood Official Trailer | Nithiin | Sreeleela | Venky Kudumula | GV Prakash | Mythri Movie Makers,11423343,216575,4316
2025-03-24,8,CvS-2qzYuVQ,Giving Her My Credit Card was a BIG MISTAKE ü§ëüò≠,1201389,52663,2306
2025-03-24,9,xf-O1pnT5Hs,Train -The Unforgettable Journey | Stand up Comedy By Harsh Gujral,1210543,60417,1039
2025-03-24,10,isJgGyJS7zc,Pandian Stores 2 | 24th to 29th March 2025 - Promo,3198048,49150,253
2025-03-24,11,CEX0ssGy1gw,"Sikandar Official Trailer | Salman Khan, Rashmika, Kajal | A R Murugadoss | Sajid N | Launch Event",666968,20795,934
2025-03-24,12,40p8cYtjB4Y,ATHAGAARINTIKI FULL SONG | MADEEN SK | BULLETBANDI LAXMAN | KITTU PAWAN | DILIP SAI SHIRISHA LAXMAN,1548828,69870,3516
2025-03-24,13,_EfZAOjo69U,Bade Bhaiya Humko FF Khelna Hai :  @arpitbaala ft. @TotalGaming093 | Free Fire MAX,10748868,381325,33388
2025-03-24,14,Nq9af5L8giY,ICE CREAM BIRYANI | Yummy Ice Cream Biryani Recipe | Cooking in Village,382127,21680,876
2025-03-24,15,7XTCA8F5bdk,Our New Studio Tour- Crazy XYZ Studioüî• | ‡§ï‡§ø‡§§‡§®‡§æ ‡§¨‡§®‡§æ ‡§π‡§Æ‡§æ‡§∞‡§æ ‡§®‡§Ø‡§æ ‡§∏‡•ç‡§ü‡•Ç‡§°‡§ø‡§Ø‡•ã?,3249455,235094,9989
2025-03-24,1,BAk5ZCoTWY8,"SIKANDAR Official Trailer - Salman Khan, Rashmika | Sajid Nadiadwala | A.R. Murugadoss | 30th March",52271143,824289,67152
2025-03-24,2,uiVeYpFsng0,WE MISS YOU ACHA üíî !!,2124520,105615,3251
2025-03-24,3,9iF0gsHsgPQ,Aas Paas Episode 21 - [Eng Sub] - Laiba Khan - Ali Ansari - 22nd March 2025 - HAR PAL GEO,9056459,188805,3680
2025-03-24,4,yG2MoXdFB34,KANIMAA Lyrical Video - RETRO | Suriya | Karthik Subbaraj | Pooja Hegde | Santhosh Narayanan,13370007,270959,9719
2025-03-24,5,M5sPLXEar08,Siragadikka Aasai | 24th to 29th March 2025 - Promo,4182121,62932,2388
2025-03-24,6,nAQMgen0sX0,"Suma Adda | Game Show| ""MAD Square"" Movie Team-Kalyan Shankar,Anudeep KV | Full Epi |16th March 2025",2064627,42851,440
2025-03-24,7,NfsTxYtBiWg,Robinhood Official Trailer | Nithiin | Sreeleela | Venky Kudumula | GV Prakash | Mythri Movie Makers,11511445,217664,4347
2025-03-24,8,CvS-2qzYuVQ,Giving Her My Credit Card was a BIG MISTAKE ü§ëüò≠,1230703,53091,2327
2025-03-24,9,xf-O1pnT5Hs,Train -The Unforgettable Journey | Stand up Comedy By Harsh Gujral,1266239,62166,1077
2025-03-24,10,isJgGyJS7zc,Pandian Stores 2 | 24th to 29th March 2025 - Promo,3209464,49182,253
2025-03-24,11,CEX0ssGy1gw,"Sikandar Official Trailer | Salman Khan, Rashmika, Kajal | A R Murugadoss | Sajid N | Launch Event",677555,20918,943
2025-03-24,12,40p8cYtjB4Y,ATHAGAARINTIKI FULL SONG | MADEEN SK | BULLETBANDI LAXMAN | KITTU PAWAN | DILIP SAI SHIRISHA LAXMAN,1564993,70023,3530
2025-03-24,13,Nq9af5L8giY,ICE CREAM BIRYANI | Yummy Ice Cream Biryani Recipe | Cooking in Village,392859,21871,885
2025-03-24,14,_EfZAOjo69U,Bade Bhaiya Humko FF Khelna Hai :  @arpitbaala ft. @TotalGaming093 | Free Fire MAX,10762341,381850,33419
2025-03-24,15,7XTCA8F5bdk,Our New Studio Tour- Crazy XYZ Studioüî• | ‡§ï‡§ø‡§§‡§®‡§æ ‡§¨‡§®‡§æ ‡§π‡§Æ‡§æ‡§∞‡§æ ‡§®‡§Ø‡§æ ‡§∏‡•ç‡§ü‡•Ç‡§°‡§ø‡§Ø‡•ã?,3272751,235588,10009
2025-03-24,1,BAk5ZCoTWY8,"SIKANDAR Official Trailer - Salman Khan, Rashmika | Sajid Nadiadwala | A.R. Murugadoss | 30th March",52250708,827374,67453
2025-03-24,2,uiVeYpFsng0,WE MISS YOU ACHA üíî !!,2144546,105788,3258
2025-03-24,3,9iF0gsHsgPQ,Aas Paas Episode 21 - [Eng Sub] - Laiba Khan - Ali Ansari - 22nd March 2025 - HAR PAL GEO,9125401,189177,3683
2025-03-24,4,yG2MoXdFB34,KANIMAA Lyrical Video - RETRO | Suriya | Karthik Subbaraj | Pooja Hegde | Santhosh Narayanan,13401949,271240,9732
2025-03-24,5,M5sPLXEar08,Siragadikka Aasai | 24th to 29th March 2025 - Promo,4197641,62950,2390
2025-03-24,6,CvS-2qzYuVQ,Giving Her My Credit Card was a BIG MISTAKE ü§ëüò≠,1251020,53394,2336
2025-03-24,7,NfsTxYtBiWg,Robinhood Official Trailer | Nithiin | Sreeleela | Venky Kudumula | GV Prakash | Mythri Movie Makers,11536503,218276,4366
2025-03-24,8,nAQMgen0sX0,"Suma Adda | Game Show| ""MAD Square"" Movie Team-Kalyan Shankar,Anudeep KV | Full Epi |16th March 2025",2125807,43160,445
2025-03-24,9,xf-O1pnT5Hs,Train -The Unforgettable Journey | Stand up Comedy By Harsh Gujral,1318873,63341,1092
2025-03-24,10,isJgGyJS7zc,Pandian Stores 2 | 24th to 29th March 2025 - Promo,3218130,49194,253
2025-03-24,11,CEX0ssGy1gw,"Sikandar Official Trailer | Salman Khan, Rashmika, Kajal | A R Murugadoss | Sajid N | Launch Event",686236,20998,943
2025-03-24,12,40p8cYtjB4Y,ATHAGAARINTIKI FULL SONG | MADEEN SK | BULLETBANDI LAXMAN | KITTU PAWAN | DILIP SAI SHIRISHA LAXMAN,1575781,70105,3534
2025-03-24,13,Nq9af5L8giY,ICE CREAM BIRYANI | Yummy Ice Cream Biryani Recipe | Cooking in Village,399602,22021,888
2025-03-24,14,_EfZAOjo69U,Bade Bhaiya Humko FF Khelna Hai :  @arpitbaala ft. @TotalGaming093 | Free Fire MAX,10774596,382247,33436
2025-03-24,15,7XTCA8F5bdk,Our New Studio Tour- Crazy XYZ Studioüî• | ‡§ï‡§ø‡§§‡§®‡§æ ‡§¨‡§®‡§æ ‡§π‡§Æ‡§æ‡§∞‡§æ ‡§®‡§Ø‡§æ ‡§∏‡•ç‡§ü‡•Ç‡§°‡§ø‡§Ø‡•ã?,3287120,235867,10017
2025-03-24,1,BAk5ZCoTWY8,"SIKANDAR Official Trailer - Salman Khan, Rashmika | Sajid Nadiadwala | A.R. Murugadoss | 30th March",52430687,828721,67620
2025-03-24,2,uiVeYpFsng0,WE MISS YOU ACHA üíî !!,2157464,105845,3262
2025-03-24,3,9iF0gsHsgPQ,Aas Paas Episode 21 - [Eng Sub] - Laiba Khan - Ali Ansari - 22nd March 2025 - HAR PAL GEO,9170792,189359,3686
2025-03-24,4,yG2MoXdFB34,KANIMAA Lyrical Video - RETRO | Suriya | Karthik Subbaraj | Pooja Hegde | Santhosh Narayanan,13422226,271352,9733
2025-03-24,5,M5sPLXEar08,Siragadikka Aasai | 24th to 29th March 2025 - Promo,4205830,62964,2390
2025-03-24,6,CvS-2qzYuVQ,Giving Her My Credit Card was a BIG MISTAKE ü§ëüò≠,1263933,53549,2342
2025-03-24,7,NfsTxYtBiWg,Robinhood Official Trailer | Nithiin | Sreeleela | Venky Kudumula | GV Prakash | Mythri Movie Makers,11536503,218546,4370
2025-03-24,8,xf-O1pnT5Hs,Train -The Unforgettable Journey | Stand up Comedy By Harsh Gujral,1366917,63982,1101
2025-03-24,9,nAQMgen0sX0,"Suma Adda | Game Show| ""MAD Square"" Movie Team-Kalyan Shankar,Anudeep KV | Full Epi |16th March 2025",2159044,43298,447
2025-03-24,10,isJgGyJS7zc,Pandian Stores 2 | 24th to 29th March 2025 - Promo,3222573,49200,253
2025-03-24,11,CEX0ssGy1gw,"Sikandar Official Trailer | Salman Khan, Rashmika, Kajal | A R Murugadoss | Sajid N | Launch Event",694680,21033,944
2025-03-24,12,40p8cYtjB4Y,ATHAGAARINTIKI FULL SONG | MADEEN SK | BULLETBANDI LAXMAN | KITTU PAWAN | DILIP SAI SHIRISHA LAXMAN,1582760,70146,3538
2025-03-24,13,Nq9af5L8giY,ICE CREAM BIRYANI | Yummy Ice Cream Biryani Recipe | Cooking in Village,404251,22086,888
2025-03-24,14,_EfZAOjo69U,Bade Bhaiya Humko FF Khelna Hai :  @arpitbaala ft. @TotalGaming093 | Free Fire MAX,10782835,382413,33448
2025-03-24,15,7XTCA8F5bdk,Our New Studio Tour- Crazy XYZ Studioüî• | ‡§ï‡§ø‡§§‡§®‡§æ ‡§¨‡§®‡§æ ‡§π‡§Æ‡§æ‡§∞‡§æ ‡§®‡§Ø‡§æ ‡§∏‡•ç‡§ü‡•Ç‡§°‡§ø‡§Ø‡•ã?,3296704,235985,10022
2025-03-24,1,BAk5ZCoTWY8,"SIKANDAR Official Trailer - Salman Khan, Rashmika | Sajid Nadiadwala | A.R. Murugadoss | 30th March",52525101,830225,67738
2025-03-24,2,uiVeYpFsng0,WE MISS YOU ACHA üíî !!,2163855,105905,3264
2025-03-24,3,9iF0gsHsgPQ,Aas Paas Episode 21 - [Eng Sub] - Laiba Khan - Ali Ansari - 22nd March 2025 - HAR PAL GEO,9201525,189575,3693
2025-03-24,4,yG2MoXdFB34,KANIMAA Lyrical Video - RETRO | Suriya | Karthik Subbaraj | Pooja Hegde | Santhosh Narayanan,13434584,271467,9736
2025-03-24,5,M5sPLXEar08,Siragadikka Aasai | 24th to 29th March 2025 - Promo,4209656,62972,2390
2025-03-24,6,CvS-2qzYuVQ,Giving Her My Credit Card was a BIG MISTAKE ü§ëüò≠,1271778,53687,2349
2025-03-24,7,xf-O1pnT5Hs,Train -The Unforgettable Journey | Stand up Comedy By Harsh Gujral,1399042,64612,1113
2025-03-24,8,nAQMgen0sX0,"Suma Adda | Game Show| ""MAD Square"" Movie Team-Kalyan Shankar,Anudeep KV | Full Epi |16th March 2025",2176559,43434,450
2025-03-24,9,NfsTxYtBiWg,Robinhood Official Trailer | Nithiin | Sreeleela | Venky Kudumula | GV Prakash | Mythri Movie Makers,11536503,218787,4374
2025-03-24,10,isJgGyJS7zc,Pandian Stores 2 | 24th to 29th March 2025 - Promo,3224696,49208,253
2025-03-24,11,CEX0ssGy1gw,"Sikandar Official Trailer | Salman Khan, Rashmika, Kajal | A R Murugadoss | Sajid N | Launch Event",699695,21073,948
2025-03-24,12,40p8cYtjB4Y,ATHAGAARINTIKI FULL SONG | MADEEN SK | BULLETBANDI LAXMAN | KITTU PAWAN | DILIP SAI SHIRISHA LAXMAN,1586527,70184,3540
2025-03-24,13,Nq9af5L8giY,ICE CREAM BIRYANI | Yummy Ice Cream Biryani Recipe | Cooking in Village,407043,22136,888
2025-03-24,14,_EfZAOjo69U,Bade Bhaiya Humko FF Khelna Hai :  @arpitbaala ft. @TotalGaming093 | Free Fire MAX,10787594,382600,33455
2025-03-24,15,s-c4ozmAd94,Mahanadhi | 24th to 28th March 2025 - Promo,3068327,69871,902
2025-03-24,1,BAk5ZCoTWY8,"SIKANDAR Official Trailer - Salman Khan, Rashmika | Sajid Nadiadwala | A.R. Murugadoss | 30th March",52592561,831109,67813
2025-03-24,2,uiVeYpFsng0,WE MISS YOU ACHA üíî !!,2167265,105936,3264
2025-03-24,3,9iF0gsHsgPQ,Aas Paas Episode 21 - [Eng Sub] - Laiba Khan - Ali Ansari - 22nd March 2025 - HAR PAL GEO,9220965,189695,3694
2025-03-24,4,yG2MoXdFB34,KANIMAA Lyrical Video - RETRO | Suriya | Karthik Subbaraj | Pooja Hegde | Santhosh Narayanan,13442739,271565,9738
2025-03-24,5,M5sPLXEar08,Siragadikka Aasai | 24th to 29th March 2025 - Promo,4211838,62979,2390
2025-03-24,6,CvS-2qzYuVQ,Giving Her My Credit Card was a BIG MISTAKE ü§ëüò≠,1276789,53784,2353
2025-03-24,7,xf-O1pnT5Hs,Train -The Unforgettable Journey | Stand up Comedy By Harsh Gujral,1420448,64909,1116
2025-03-24,8,nAQMgen0sX0,"Suma Adda | Game Show| ""MAD Square"" Movie Team-Kalyan Shankar,Anudeep KV | Full Epi |16th March 2025",2186811,43484,453
2025-03-24,9,NfsTxYtBiWg,Robinhood Official Trailer | Nithiin | Sreeleela | Venky Kudumula | GV Prakash | Mythri Movie Makers,11536503,218956,4380
2025-03-24,10,CEX0ssGy1gw,"Sikandar Official Trailer | Salman Khan, Rashmika, Kajal | A R Murugadoss | Sajid N | Launch Event",702906,21102,948
2025-03-24,11,isJgGyJS7zc,Pandian Stores 2 | 24th to 29th March 2025 - Promo,3225960,49214,253
2025-03-24,12,40p8cYtjB4Y,ATHAGAARINTIKI FULL SONG | MADEEN SK | BULLETBANDI LAXMAN | KITTU PAWAN | DILIP SAI SHIRISHA LAXMAN,1588747,70213,3540
2025-03-24,13,Nq9af5L8giY,ICE CREAM BIRYANI | Yummy Ice Cream Biryani Recipe | Cooking in Village,408805,22163,888
2025-03-24,14,_EfZAOjo69U,Bade Bhaiya Humko FF Khelna Hai :  @arpitbaala ft. @TotalGaming093 | Free Fire MAX,10790869,382939,33473
2025-03-24,15,s-c4ozmAd94,Mahanadhi | 24th to 28th March 2025 - Promo,3069000,69874,902
2025-03-25,1,BAk5ZCoTWY8,"SIKANDAR Official Trailer - Salman Khan, Rashmika | Sajid Nadiadwala | A.R. Murugadoss | 30th March",52668079,832589,68003
2025-03-25,2,uiVeYpFsng0,WE MISS YOU ACHA üíî !!,2171000,106004,3267
2025-03-25,3,9iF0gsHsgPQ,Aas Paas Episode 21 - [Eng Sub] - Laiba Khan - Ali Ansari - 22nd March 2025 - HAR PAL GEO,9244204,189964,3701
2025-03-25,4,yG2MoXdFB34,KANIMAA Lyrical Video - RETRO | Suriya | Karthik Subbaraj | Pooja Hegde | Santhosh Narayanan,13453004,271748,9745
2025-03-25,5,CvS-2qzYuVQ,Giving Her My Credit Card was a BIG MISTAKE ü§ëüò≠,1282647,53893,2358
2025-03-25,6,M5sPLXEar08,Siragadikka Aasai | 24th to 29th March 2025 - Promo,4214518,62993,2391
2025-03-25,7,xf-O1pnT5Hs,Train -The Unforgettable Journey | Stand up Comedy By Harsh Gujral,1442956,65200,1121
2025-03-25,8,nAQMgen0sX0,"Suma Adda | Game Show| ""MAD Square"" Movie Team-Kalyan Shankar,Anudeep KV | Full Epi |16th March 2025",2198923,43636,453
2025-03-25,9,CEX0ssGy1gw,"Sikandar Official Trailer | Salman Khan, Rashmika, Kajal | A R Murugadoss | Sajid N | Launch Event",706580,21136,948
2025-03-25,10,isJgGyJS7zc,Pandian Stores 2 | 24th to 29th March 2025 - Promo,3227497,49226,253
2025-03-25,11,40p8cYtjB4Y,ATHAGAARINTIKI FULL SONG | MADEEN SK | BULLETBANDI LAXMAN | KITTU PAWAN | DILIP SAI SHIRISHA LAXMAN,1591961,70316,3547
2025-03-25,12,NfsTxYtBiWg,Robinhood Official Trailer | Nithiin | Sreeleela | Venky Kudumula | GV Prakash | Mythri Movie Makers,11536503,219394,4391
2025-03-25,13,Nq9af5L8giY,ICE CREAM BIRYANI | Yummy Ice Cream Biryani Recipe | Cooking in Village,411044,22209,890
2025-03-25,14,_EfZAOjo69U,Bade Bhaiya Humko FF Khelna Hai :  @arpitbaala ft. @TotalGaming093 | Free Fire MAX,10803660,384331,33550
2025-03-25,15,s-c4ozmAd94,Mahanadhi | 24th to 28th March 2025 - Promo,3069842,69878,902
2025-03-25,1,BAk5ZCoTWY8,"SIKANDAR Official Trailer - Salman Khan, Rashmika | Sajid Nadiadwala | A.R. Murugadoss | 30th March",52728914,834637,68209
2025-03-25,2,uiVeYpFsng0,WE MISS YOU ACHA üíî !!,2175527,106194,3274
2025-03-25,3,9iF0gsHsgPQ,Aas Paas Episode 21 - [Eng Sub] - Laiba Khan - Ali Ansari - 22nd March 2025 - HAR PAL GEO,9270949,190247,3706
2025-03-25,4,yG2MoXdFB34,KANIMAA Lyrical Video - RETRO | Suriya | Karthik Subbaraj | Pooja Hegde | Santhosh Narayanan,13463499,272211,9755
2025-03-25,5,CvS-2qzYuVQ,Giving Her My Credit Card was a BIG MISTAKE ü§ëüò≠,1286534,54120,2378
2025-03-25,6,M5sPLXEar08,Siragadikka Aasai | 24th to 29th March 2025 - Promo,4218518,63032,2391
2025-03-25,7,xf-O1pnT5Hs,Train -The Unforgettable Journey | Stand up Comedy By Harsh Gujral,1454762,65600,1141
2025-03-25,8,nAQMgen0sX0,"Suma Adda | Game Show| ""MAD Square"" Movie Team-Kalyan Shankar,Anudeep KV | Full Epi |16th March 2025",2211263,44063,454
2025-03-25,9,CEX0ssGy1gw,"Sikandar Official Trailer | Salman Khan, Rashmika, Kajal | A R Murugadoss | Sajid N | Launch Event",709616,21182,954
2025-03-25,10,40p8cYtjB4Y,ATHAGAARINTIKI FULL SONG | MADEEN SK | BULLETBANDI LAXMAN | KITTU PAWAN | DILIP SAI SHIRISHA LAXMAN,1598537,70700,3559
2025-03-25,11,isJgGyJS7zc,Pandian Stores 2 | 24th to 29th March 2025 - Promo,3229731,49260,253
2025-03-25,12,Nq9af5L8giY,ICE CREAM BIRYANI | Yummy Ice Cream Biryani Recipe | Cooking in Village,413026,22269,891
2025-03-25,13,NfsTxYtBiWg,Robinhood Official Trailer | Nithiin | Sreeleela | Venky Kudumula | GV Prakash | Mythri Movie Makers,11536503,220640,4425
2025-03-25,14,_EfZAOjo69U,Bade Bhaiya Humko FF Khelna Hai :  @arpitbaala ft. @TotalGaming093 | Free Fire MAX,10869227,388603,33799
2025-03-25,15,s-c4ozmAd94,Mahanadhi | 24th to 28th March 2025 - Promo,3071203,69903,902
2025-03-25,1,BAk5ZCoTWY8,"SIKANDAR Official Trailer - Salman Khan, Rashmika | Sajid Nadiadwala | A.R. Murugadoss | 30th March",52778609,836742,68459
2025-03-25,2,uiVeYpFsng0,WE MISS YOU ACHA üíî !!,2179340,106419,3282
2025-03-25,3,yG2MoXdFB34,KANIMAA Lyrical Video - RETRO | Suriya | Karthik Subbaraj | Pooja Hegde | Santhosh Narayanan,13476781,272740,9761
2025-03-25,4,9iF0gsHsgPQ,Aas Paas Episode 21 - [Eng Sub] - Laiba Khan - Ali Ansari - 22nd March 2025 - HAR PAL GEO,9288065,190424,3707
2025-03-25,5,CvS-2qzYuVQ,Giving Her My Credit Card was a BIG MISTAKE ü§ëüò≠,1290166,54466,2386
2025-03-25,6,M5sPLXEar08,Siragadikka Aasai | 24th to 29th March 2025 - Promo,4222693,63072,2395
2025-03-25,7,nAQMgen0sX0,"Suma Adda | Game Show| ""MAD Square"" Movie Team-Kalyan Shankar,Anudeep KV | Full Epi |16th March 2025",2223674,44708,454
2025-03-25,8,xf-O1pnT5Hs,Train -The Unforgettable Journey | Stand up Comedy By Harsh Gujral,1462062,65999,1155
2025-03-25,9,40p8cYtjB4Y,ATHAGAARINTIKI FULL SONG | MADEEN SK | BULLETBANDI LAXMAN | KITTU PAWAN | DILIP SAI SHIRISHA LAXMAN,1610493,71124,3569
2025-03-25,10,CEX0ssGy1gw,"Sikandar Official Trailer | Salman Khan, Rashmika, Kajal | A R Murugadoss | Sajid N | Launch Event",711678,21222,956
2025-03-25,11,isJgGyJS7zc,Pandian Stores 2 | 24th to 29th March 2025 - Promo,3233183,49312,255
2025-03-25,12,Nq9af5L8giY,ICE CREAM BIRYANI | Yummy Ice Cream Biryani Recipe | Cooking in Village,414136,22355,896
2025-03-25,13,_EfZAOjo69U,Bade Bhaiya Humko FF Khelna Hai :  @arpitbaala ft. @TotalGaming093 | Free Fire MAX,10996908,393169,34098
2025-03-25,14,NfsTxYtBiWg,Robinhood Official Trailer | Nithiin | Sreeleela | Venky Kudumula | GV Prakash | Mythri Movie Makers,11541257,222043,4465
2025-03-25,15,s-c4ozmAd94,Mahanadhi | 24th to 28th March 2025 - Promo,3073028,69924,902
2025-03-25,1,BAk5ZCoTWY8,"SIKANDAR Official Trailer - Salman Khan, Rashmika | Sajid Nadiadwala | A.R. Murugadoss | 30th March",52823247,838403,68657
2025-03-25,2,uiVeYpFsng0,WE MISS YOU ACHA üíî !!,2182775,106569,3291
2025-03-25,3,yG2MoXdFB34,KANIMAA Lyrical Video - RETRO | Suriya | Karthik Subbaraj | Pooja Hegde | Santhosh Narayanan,13492607,273085,9770
2025-03-25,4,9iF0gsHsgPQ,Aas Paas Episode 21 - [Eng Sub] - Laiba Khan - Ali Ansari - 22nd March 2025 - HAR PAL GEO,9299644,190577,3711
2025-03-25,5,nAQMgen0sX0,"Suma Adda | Game Show| ""MAD Square"" Movie Team-Kalyan Shankar,Anudeep KV | Full Epi |16th March 2025",2238133,45348,457
2025-03-25,6,CvS-2qzYuVQ,Giving Her My Credit Card was a BIG MISTAKE ü§ëüò≠,1294576,54825,2403
2025-03-25,7,M5sPLXEar08,Siragadikka Aasai | 24th to 29th March 2025 - Promo,4225609,63099,2396
2025-03-25,8,xf-O1pnT5Hs,Train -The Unforgettable Journey | Stand up Comedy By Harsh Gujral,1468898,66385,1180
2025-03-25,9,40p8cYtjB4Y,ATHAGAARINTIKI FULL SONG | MADEEN SK | BULLETBANDI LAXMAN | KITTU PAWAN | DILIP SAI SHIRISHA LAXMAN,1627847,71442,3580
2025-03-25,10,CEX0ssGy1gw,"Sikandar Official Trailer | Salman Khan, Rashmika, Kajal | A R Murugadoss | Sajid N | Launch Event",713733,21259,960
2025-03-25,11,isJgGyJS7zc,Pandian Stores 2 | 24th to 29th March 2025 - Promo,3237694,49351,255
2025-03-25,12,Nq9af5L8giY,ICE CREAM BIRYANI | Yummy Ice Cream Biryani Recipe | Cooking in Village,415431,22414,897
2025-03-25,13,_EfZAOjo69U,Bade Bhaiya Humko FF Khelna Hai :  @arpitbaala ft. @TotalGaming093 | Free Fire MAX,11113094,396913,34328
2025-03-25,14,NfsTxYtBiWg,Robinhood Official Trailer | Nithiin | Sreeleela | Venky Kudumula | GV Prakash | Mythri Movie Makers,11570568,223038,4491
2025-03-25,15,s-c4ozmAd94,Mahanadhi | 24th to 28th March 2025 - Promo,3075413,69946,903
2025-03-25,1,BAk5ZCoTWY8,"SIKANDAR Official Trailer - Salman Khan, Rashmika | Sajid Nadiadwala | A.R. Murugadoss | 30th March",52905437,840671,68923
2025-03-25,2,7noiElC2MpE,JAAT Trailer | Sunny Deol | Randeep Hooda | Viineet Kumar Siingh | Gopichand Malineni | Thaman S,14034634,204312,20692
2025-03-25,3,Qqgign4dQlw,KESARI CHAPTER 2 - OFFICIAL TEASER | Akshay Kumar | R. Madhavan | Ananya | Karan S Tyagi | 18 April,16087004,247370,22472
2025-03-25,4,VZ8MhBeRFFQ,Mohanlal Roasting Me üòÇ - Irfan's View,1997476,114972,6386
2025-03-25,5,uiVeYpFsng0,WE MISS YOU ACHA üíî !!,2189175,106805,3294
2025-03-25,6,yG2MoXdFB34,KANIMAA Lyrical Video - RETRO | Suriya | Karthik Subbaraj | Pooja Hegde | Santhosh Narayanan,13526025,273548,9779
2025-03-25,7,9iF0gsHsgPQ,Aas Paas Episode 21 - [Eng Sub] - Laiba Khan - Ali Ansari - 22nd March 2025 - HAR PAL GEO,9316333,190827,3711
2025-03-25,8,CvS-2qzYuVQ,Giving Her My Credit Card was a BIG MISTAKE ü§ëüò≠,1304873,55455,2419
2025-03-25,9,W7KCotrCzWY,‡∞à‡∞∏‡∞æ‡∞∞‡∞ø ‡∞¨‡±ä‡∞¨‡±ç‡∞¨‡∞ü‡±ç‡∞≤‡±Å ‡∞ö‡±á‡∞∏‡±á‡∞ü‡∞™‡±ç‡∞™‡±Å‡∞°‡±Å ‡∞à ‡∞µ‡±Ä‡∞°‡∞ø‡∞Ø‡±ã ‡∞ö‡±Å‡∞°‡∞Ç‡∞°‡∞øüëâ‡∞á‡∞≤‡∞æ ‡∞à‡∞ú‡±Ä‡∞ó‡∞æ ‡∞ö‡±á‡∞∏‡±á‡∞Ø‡∞ö‡±ç‡∞ö‡±Å üòã Instant Nethi Bobbatluüëå Ugadi,299259,4500,120
2025-03-25,10,xf-O1pnT5Hs,Train -The Unforgettable Journey | Stand up Comedy By Harsh Gujral,1481848,66949,1196
2025-03-25,11,M5sPLXEar08,Siragadikka Aasai | 24th to 29th March 2025 - Promo,4230852,63130,2398
2025-03-25,12,-ZdfyqKywsQ,Lala ka Birthday | Sukki Dc | We Are One,149644,11734,608
2025-03-25,13,nAQMgen0sX0,"Suma Adda | Game Show| ""MAD Square"" Movie Team-Kalyan Shankar,Anudeep KV | Full Epi |16th March 2025",2271665,46216,462
2025-03-25,14,ZtduSOpsx1g,Mahanadhi | 24th to 28th March 2025 - Promo,1905027,45235,1869
2025-03-25,15,40p8cYtjB4Y,ATHAGAARINTIKI FULL SONG | MADEEN SK | BULLETBANDI LAXMAN | KITTU PAWAN | DILIP SAI SHIRISHA LAXMAN,1652746,71827,3593
2025-03-25,1,BAk5ZCoTWY8,"SIKANDAR Official Trailer - Salman Khan, Rashmika | Sajid Nadiadwala | A.R. Murugadoss | 30th March",53004067,843317,69212
2025-03-25,2,VZ8MhBeRFFQ,Mohanlal Roasting Me üòÇ - Irfan's View,2104777,119351,6520
2025-03-25,3,Qqgign4dQlw,KESARI CHAPTER 2 - OFFICIAL TEASER | Akshay Kumar | R. Madhavan | Ananya | Karan S Tyagi | 18 April,17818363,259242,22587
2025-03-25,4,7noiElC2MpE,JAAT Trailer | Sunny Deol | Randeep Hooda | Viineet Kumar Siingh | Gopichand Malineni | Thaman S,14133776,208275,21020
2025-03-25,5,uiVeYpFsng0,WE MISS YOU ACHA üíî !!,2197751,107079,3300
2025-03-25,6,yG2MoXdFB34,KANIMAA Lyrical Video - RETRO | Suriya | Karthik Subbaraj | Pooja Hegde | Santhosh Narayanan,13563145,273943,9791
2025-03-25,7,9iF0gsHsgPQ,Aas Paas Episode 21 - [Eng Sub] - Laiba Khan - Ali Ansari - 22nd March 2025 - HAR PAL GEO,9338786,191119,3718
2025-03-25,8,9FNR8-HKGjE,‡¥Æ‡¥æ‡µº‡¥ö‡µç‡¥ö‡µç 25 ‡¥ï‡µÉ‡¥™‡¥æ‡¥∏‡¥®‡¥Ç ‡¥Ö‡¥®‡µÅ‡¥¶‡¥ø‡¥® ‡¥Ö‡¥®‡µÅ‡¥ó‡µç‡¥∞‡¥π ‡¥™‡µç‡¥∞‡¥æ‡µº‡¥§‡µç‡¥•‡¥® | Our Daily Bread | Dr.Fr.V.P Joseph Valiyaveettil,112413,14392,5537
2025-03-25,9,W7KCotrCzWY,‡∞à‡∞∏‡∞æ‡∞∞‡∞ø ‡∞¨‡±ä‡∞¨‡±ç‡∞¨‡∞ü‡±ç‡∞≤‡±Å ‡∞ö‡±á‡∞∏‡±á‡∞ü‡∞™‡±ç‡∞™‡±Å‡∞°‡±Å ‡∞à ‡∞µ‡±Ä‡∞°‡∞ø‡∞Ø‡±ã ‡∞ö‡±Å‡∞°‡∞Ç‡∞°‡∞øüëâ‡∞á‡∞≤‡∞æ ‡∞à‡∞ú‡±Ä‡∞ó‡∞æ ‡∞ö‡±á‡∞∏‡±á‡∞Ø‡∞ö‡±ç‡∞ö‡±Å üòã Instant Nethi Bobbatluüëå Ugadi,307521,4629,122
2025-03-25,10,-ZdfyqKywsQ,Lala ka Birthday | Sukki Dc | We Are One,159987,12356,629
2025-03-25,11,CvS-2qzYuVQ,Giving Her My Credit Card was a BIG MISTAKE ü§ëüò≠,1322424,56172,2439
2025-03-25,12,M5sPLXEar08,Siragadikka Aasai | 24th to 29th March 2025 - Promo,4239322,63170,2401
2025-03-25,13,ZtduSOpsx1g,Mahanadhi | 24th to 28th March 2025 - Promo,2035123,46509,1903
2025-03-25,14,xf-O1pnT5Hs,Train -The Unforgettable Journey | Stand up Comedy By Harsh Gujral,1499980,67683,1217
2025-03-25,15,40p8cYtjB4Y,ATHAGAARINTIKI FULL SONG | MADEEN SK | BULLETBANDI LAXMAN | KITTU PAWAN | DILIP SAI SHIRISHA LAXMAN,1677221,72231,3617
